-- phpMyAdmin SQL Dump
-- version 4.0.1
-- http://www.phpmyadmin.net
--
-- Host: rdbms
-- Generation Time: Aug 12, 2013 at 04:02 PM
-- Server version: 5.5.31-log
-- PHP Version: 5.2.17

SET SQL_MODE = "NO_AUTO_VALUE_ON_ZERO";
SET time_zone = "+00:00";


/*!40101 SET @OLD_CHARACTER_SET_CLIENT=@@CHARACTER_SET_CLIENT */;
/*!40101 SET @OLD_CHARACTER_SET_RESULTS=@@CHARACTER_SET_RESULTS */;
/*!40101 SET @OLD_COLLATION_CONNECTION=@@COLLATION_CONNECTION */;
/*!40101 SET NAMES utf8 */;

--
-- Database: `DB1150290`
--

-- --------------------------------------------------------

--
-- Table structure for table `Brand`
--

CREATE TABLE IF NOT EXISTS `Brand` (
  `Id` int(11) NOT NULL AUTO_INCREMENT,
  `Name` varchar(255) COLLATE latin1_german1_ci DEFAULT NULL,
  PRIMARY KEY (`Id`)
) ENGINE=MyISAM  DEFAULT CHARSET=latin1 COLLATE=latin1_german1_ci AUTO_INCREMENT=15 ;

--
-- Dumping data for table `Brand`
--

INSERT INTO `Brand` (`Id`, `Name`) VALUES
(13, 'Ralph Lauren'),
(3, 'Abercrombie & Fitch'),
(4, 'Benetton'),
(5, 'Burberry'),
(6, 'Dolce & Gabbana'),
(7, 'Armani'),
(8, 'Hugo Boss'),
(9, 'Lacoste'),
(10, 'Jack Wolfskin'),
(11, 'Napapijri'),
(12, 'Tommy Hilfiger'),
(14, 'Vingino');

-- --------------------------------------------------------

--
-- Table structure for table `Categories`
--

CREATE TABLE IF NOT EXISTS `Categories` (
  `Id` int(11) NOT NULL AUTO_INCREMENT,
  `Name` varchar(100) COLLATE latin1_german1_ci NOT NULL,
  `Active` tinyint(1) NOT NULL DEFAULT '1',
  PRIMARY KEY (`Id`),
  KEY `Id` (`Id`)
) ENGINE=MyISAM  DEFAULT CHARSET=latin1 COLLATE=latin1_german1_ci AUTO_INCREMENT=9 ;

--
-- Dumping data for table `Categories`
--

INSERT INTO `Categories` (`Id`, `Name`, `Active`) VALUES
(2, 'Brand', 1),
(3, 'Size', 1),
(4, 'Type', 1),
(5, 'Color', 1),
(7, 'Gender', 1);

-- --------------------------------------------------------

--
-- Table structure for table `Clothes`
--

CREATE TABLE IF NOT EXISTS `Clothes` (
  `Id` int(11) NOT NULL AUTO_INCREMENT,
  `Brand` int(11) DEFAULT NULL,
  `Size` int(11) DEFAULT NULL,
  `Type` int(11) DEFAULT NULL,
  `Color` int(11) DEFAULT NULL,
  `Gender` int(11) DEFAULT NULL,
  `Active` tinyint(1) NOT NULL DEFAULT '1',
  `ActualAmount` int(11) NOT NULL,
  `MaxAmount` int(11) NOT NULL,
  `Price` float NOT NULL,
  PRIMARY KEY (`Id`),
  KEY `fkBrand` (`Brand`),
  KEY `fkSize` (`Size`),
  KEY `fkType` (`Type`),
  KEY `fkColor` (`Color`),
  KEY `fkGender` (`Gender`)
) ENGINE=MyISAM  DEFAULT CHARSET=latin1 COLLATE=latin1_german1_ci AUTO_INCREMENT=5023 ;

--
-- Dumping data for table `Clothes`
--

INSERT INTO `Clothes` (`Id`, `Brand`, `Size`, `Type`, `Color`, `Gender`, `Active`, `ActualAmount`, `MaxAmount`, `Price`) VALUES
(3175, 3, 3, 1, NULL, 1, 1, 0, 10, 5.17),
(3176, 3, 4, 1, NULL, 1, 1, 0, 10, 5.17),
(3177, 3, 5, 1, NULL, 1, 1, 0, 10, 5.17),
(3178, 3, 6, 1, NULL, 1, 1, 0, 10, 5.17),
(3179, 3, 7, 1, NULL, 1, 1, 0, 10, 5.17),
(3180, 3, 8, 1, NULL, 1, 1, 0, 10, 5.17),
(3181, 3, 9, 1, NULL, 1, 1, 0, 10, 5.17),
(3182, 3, 10, 1, NULL, 1, 1, 0, 10, 5.17),
(3183, 3, 11, 1, NULL, 1, 1, 0, 10, 5.17),
(3184, 3, 12, 1, NULL, 1, 1, 0, 10, 5.17),
(3185, 3, 13, 1, NULL, 1, 1, 0, 10, 5.17),
(3186, 3, 3, 2, NULL, 1, 1, 0, 10, 7.96),
(3187, 3, 4, 2, NULL, 1, 1, 0, 10, 7.96),
(3188, 3, 5, 2, NULL, 1, 1, 0, 10, 7.96),
(3189, 3, 6, 2, NULL, 1, 1, 0, 10, 7.96),
(3190, 3, 7, 2, NULL, 1, 1, 0, 10, 7.96),
(3191, 3, 8, 2, NULL, 1, 1, 0, 10, 7.96),
(3192, 3, 9, 2, NULL, 1, 1, 0, 10, 7.96),
(3193, 3, 10, 2, NULL, 1, 1, 0, 10, 7.96),
(3194, 3, 11, 2, NULL, 1, 1, 0, 10, 7.96),
(3195, 3, 12, 2, NULL, 1, 1, 0, 10, 7.96),
(3196, 3, 13, 2, NULL, 1, 1, 0, 10, 7.96),
(3197, 3, 3, 3, NULL, 1, 1, 0, 5, 5.44),
(3198, 3, 4, 3, NULL, 1, 1, 0, 5, 5.44),
(3199, 3, 5, 3, NULL, 1, 1, 0, 5, 5.44),
(3200, 3, 6, 3, NULL, 1, 1, 0, 5, 5.44),
(3201, 3, 7, 3, NULL, 1, 1, 0, 5, 5.44),
(3202, 3, 8, 3, NULL, 1, 1, 0, 5, 5.44),
(3203, 3, 9, 3, NULL, 1, 1, 0, 5, 5.44),
(3204, 3, 10, 3, NULL, 1, 1, 0, 5, 5.44),
(3205, 3, 11, 3, NULL, 1, 1, 0, 5, 5.44),
(3206, 3, 12, 3, NULL, 1, 1, 0, 5, 5.44),
(3207, 3, 13, 3, NULL, 1, 1, 0, 5, 5.44),
(3208, 3, 3, 4, NULL, 1, 1, 0, 5, 6.03),
(3209, 3, 4, 4, NULL, 1, 1, 0, 5, 6.03),
(3210, 3, 5, 4, NULL, 1, 1, 0, 5, 6.03),
(3211, 3, 6, 4, NULL, 1, 1, 0, 5, 6.03),
(3212, 3, 7, 4, NULL, 1, 1, 0, 5, 6.03),
(3213, 3, 8, 4, NULL, 1, 1, 0, 5, 6.03),
(3214, 3, 9, 4, NULL, 1, 1, 0, 5, 6.03),
(3215, 3, 10, 4, NULL, 1, 1, 0, 5, 6.03),
(3216, 3, 11, 4, NULL, 1, 1, 0, 5, 6.03),
(3217, 3, 12, 4, NULL, 1, 1, 0, 5, 6.03),
(3218, 3, 13, 4, NULL, 1, 1, 0, 5, 6.03),
(3219, 3, 3, 5, NULL, 1, 1, 0, 10, 10.89),
(3220, 3, 4, 5, NULL, 1, 1, 0, 10, 10.89),
(3221, 3, 5, 5, NULL, 1, 1, 0, 10, 10.89),
(3222, 3, 6, 5, NULL, 1, 1, 0, 10, 10.89),
(3223, 3, 7, 5, NULL, 1, 1, 0, 10, 10.89),
(3224, 3, 8, 5, NULL, 1, 1, 0, 10, 10.89),
(3225, 3, 9, 5, NULL, 1, 1, 0, 10, 10.89),
(3226, 3, 10, 5, NULL, 1, 1, 0, 10, 10.89),
(3227, 3, 11, 5, NULL, 1, 1, 0, 10, 10.89),
(3228, 3, 12, 5, NULL, 1, 1, 0, 10, 10.89),
(3229, 3, 13, 5, NULL, 1, 1, 0, 10, 10.89),
(3230, 3, 3, 6, NULL, 1, 1, 0, 0, 0),
(3231, 3, 4, 6, NULL, 1, 1, 0, 0, 0),
(3232, 3, 5, 6, NULL, 1, 1, 0, 0, 0),
(3233, 3, 6, 6, NULL, 1, 1, 0, 0, 0),
(3234, 3, 7, 6, NULL, 1, 1, 0, 0, 0),
(3235, 3, 8, 6, NULL, 1, 1, 0, 0, 0),
(3236, 3, 9, 6, NULL, 1, 1, 0, 0, 0),
(3237, 3, 10, 6, NULL, 1, 1, 0, 0, 0),
(3238, 3, 11, 6, NULL, 1, 1, 0, 0, 0),
(3239, 3, 12, 6, NULL, 1, 1, 0, 0, 0),
(3240, 3, 13, 6, NULL, 1, 1, 0, 0, 0),
(3241, 3, 3, 7, NULL, 1, 1, 0, 0, 0),
(3242, 3, 4, 7, NULL, 1, 1, 0, 0, 0),
(3243, 3, 5, 7, NULL, 1, 1, 0, 0, 0),
(3244, 3, 6, 7, NULL, 1, 1, 0, 0, 0),
(3245, 3, 7, 7, NULL, 1, 1, 0, 0, 0),
(3246, 3, 8, 7, NULL, 1, 1, 0, 0, 0),
(3247, 3, 9, 7, NULL, 1, 1, 0, 0, 0),
(3248, 3, 10, 7, NULL, 1, 1, 0, 0, 0),
(3249, 3, 11, 7, NULL, 1, 1, 0, 0, 0),
(3250, 3, 12, 7, NULL, 1, 1, 0, 0, 0),
(3251, 3, 13, 7, NULL, 1, 1, 0, 0, 0),
(3252, 4, 3, 1, NULL, 1, 1, 0, 5, 1.47),
(3253, 4, 4, 1, NULL, 1, 1, 0, 5, 1.47),
(3254, 4, 5, 1, NULL, 1, 1, 0, 5, 1.47),
(3255, 4, 6, 1, NULL, 1, 1, 0, 5, 1.47),
(3256, 4, 7, 1, NULL, 1, 1, 0, 5, 1.47),
(3257, 4, 8, 1, NULL, 1, 1, 0, 5, 1.47),
(3258, 4, 9, 1, NULL, 1, 1, 0, 5, 1.47),
(3259, 4, 10, 1, NULL, 1, 1, 0, 5, 1.47),
(3260, 4, 11, 1, NULL, 1, 1, 0, 5, 1.47),
(3261, 4, 12, 1, NULL, 1, 1, 0, 5, 1.47),
(3262, 4, 13, 1, NULL, 1, 1, 0, 5, 1.47),
(3263, 4, 3, 2, NULL, 1, 1, 0, 5, 1.92),
(3264, 4, 4, 2, NULL, 1, 1, 0, 5, 1.92),
(3265, 4, 5, 2, NULL, 1, 1, 0, 5, 1.92),
(3266, 4, 6, 2, NULL, 1, 1, 0, 5, 1.92),
(3267, 4, 7, 2, NULL, 1, 1, 0, 5, 1.92),
(3268, 4, 8, 2, NULL, 1, 1, 0, 5, 1.92),
(3269, 4, 9, 2, NULL, 1, 1, 0, 5, 1.92),
(3270, 4, 10, 2, NULL, 1, 1, 0, 5, 1.92),
(3271, 4, 11, 2, NULL, 1, 1, 0, 5, 1.92),
(3272, 4, 12, 2, NULL, 1, 1, 0, 5, 1.92),
(3273, 4, 13, 2, NULL, 1, 1, 0, 5, 1.92),
(3274, 4, 3, 3, NULL, 1, 1, 0, 5, 2.58),
(3275, 4, 4, 3, NULL, 1, 1, 0, 5, 2.58),
(3276, 4, 5, 3, NULL, 1, 1, 0, 5, 2.58),
(3277, 4, 6, 3, NULL, 1, 1, 0, 5, 2.58),
(3278, 4, 7, 3, NULL, 1, 1, 0, 5, 2.58),
(3279, 4, 8, 3, NULL, 1, 1, 0, 5, 2.58),
(3280, 4, 9, 3, NULL, 1, 1, 0, 5, 2.58),
(3281, 4, 10, 3, NULL, 1, 1, 0, 5, 2.58),
(3282, 4, 11, 3, NULL, 1, 1, 0, 5, 2.58),
(3283, 4, 12, 3, NULL, 1, 1, 0, 5, 2.58),
(3284, 4, 13, 3, NULL, 1, 1, 0, 5, 2.58),
(3285, 4, 3, 4, NULL, 1, 1, 0, 5, 1.84),
(3286, 4, 4, 4, NULL, 1, 1, 0, 5, 1.84),
(3287, 4, 5, 4, NULL, 1, 1, 0, 5, 1.84),
(3288, 4, 6, 4, NULL, 1, 1, 0, 5, 1.84),
(3289, 4, 7, 4, NULL, 1, 1, 0, 5, 1.84),
(3290, 4, 8, 4, NULL, 1, 1, 0, 5, 1.84),
(3291, 4, 9, 4, NULL, 1, 1, 0, 5, 1.84),
(3292, 4, 10, 4, NULL, 1, 1, 0, 5, 1.84),
(3293, 4, 11, 4, NULL, 1, 1, 0, 5, 1.84),
(3294, 4, 12, 4, NULL, 1, 1, 0, 5, 1.84),
(3295, 4, 13, 4, NULL, 1, 1, 0, 5, 1.84),
(3296, 4, 3, 5, NULL, 1, 1, 0, 5, 3.37),
(3297, 4, 4, 5, NULL, 1, 1, 0, 5, 3.37),
(3298, 4, 5, 5, NULL, 1, 1, 0, 5, 3.37),
(3299, 4, 6, 5, NULL, 1, 1, 0, 5, 3.37),
(3300, 4, 7, 5, NULL, 1, 1, 0, 5, 3.37),
(3301, 4, 8, 5, NULL, 1, 1, 0, 5, 3.37),
(3302, 4, 9, 5, NULL, 1, 1, 0, 5, 3.37),
(3303, 4, 10, 5, NULL, 1, 1, 0, 5, 3.37),
(3304, 4, 11, 5, NULL, 1, 1, 0, 5, 3.37),
(3305, 4, 12, 5, NULL, 1, 1, 0, 5, 3.37),
(3306, 4, 13, 5, NULL, 1, 1, 0, 5, 3.37),
(3307, 4, 3, 6, NULL, 1, 1, 0, 0, 0),
(3308, 4, 4, 6, NULL, 1, 1, 0, 0, 0),
(3309, 4, 5, 6, NULL, 1, 1, 0, 0, 0),
(3310, 4, 6, 6, NULL, 1, 1, 0, 0, 0),
(3311, 4, 7, 6, NULL, 1, 1, 0, 0, 0),
(3312, 4, 8, 6, NULL, 1, 1, 0, 0, 0),
(3313, 4, 9, 6, NULL, 1, 1, 0, 0, 0),
(3314, 4, 10, 6, NULL, 1, 1, 0, 0, 0),
(3315, 4, 11, 6, NULL, 1, 1, 0, 0, 0),
(3316, 4, 12, 6, NULL, 1, 1, 0, 0, 0),
(3317, 4, 13, 6, NULL, 1, 1, 0, 0, 0),
(3318, 4, 3, 7, NULL, 1, 1, 0, 0, 0),
(3319, 4, 4, 7, NULL, 1, 1, 0, 0, 0),
(3320, 4, 5, 7, NULL, 1, 1, 0, 0, 0),
(3321, 4, 6, 7, NULL, 1, 1, 0, 0, 0),
(3322, 4, 7, 7, NULL, 1, 1, 0, 0, 0),
(3323, 4, 8, 7, NULL, 1, 1, 0, 0, 0),
(3324, 4, 9, 7, NULL, 1, 1, 0, 0, 0),
(3325, 4, 10, 7, NULL, 1, 1, 0, 0, 0),
(3326, 4, 11, 7, NULL, 1, 1, 0, 0, 0),
(3327, 4, 12, 7, NULL, 1, 1, 0, 0, 0),
(3328, 4, 13, 7, NULL, 1, 1, 0, 0, 0),
(3329, 5, 3, 1, NULL, 1, 1, 0, 10, 7.56),
(3330, 5, 4, 1, NULL, 1, 1, 0, 10, 7.56),
(3331, 5, 5, 1, NULL, 1, 1, 0, 10, 7.56),
(3332, 5, 6, 1, NULL, 1, 1, 0, 10, 7.56),
(3333, 5, 7, 1, NULL, 1, 1, 0, 10, 7.56),
(3334, 5, 8, 1, NULL, 1, 1, 0, 10, 7.56),
(3335, 5, 9, 1, NULL, 1, 1, 0, 10, 7.56),
(3336, 5, 10, 1, NULL, 1, 1, 0, 10, 7.56),
(3337, 5, 11, 1, NULL, 1, 1, 0, 10, 7.56),
(3338, 5, 12, 1, NULL, 1, 1, 0, 10, 7.56),
(3339, 5, 13, 1, NULL, 1, 1, 0, 10, 7.56),
(3340, 5, 3, 2, NULL, 1, 1, 0, 10, 7.16),
(3341, 5, 4, 2, NULL, 1, 1, 0, 10, 7.16),
(3342, 5, 5, 2, NULL, 1, 1, 0, 10, 7.16),
(3343, 5, 6, 2, NULL, 1, 1, 0, 10, 7.16),
(3344, 5, 7, 2, NULL, 1, 1, 0, 10, 7.16),
(3345, 5, 8, 2, NULL, 1, 1, 0, 10, 7.16),
(3346, 5, 9, 2, NULL, 1, 1, 0, 10, 7.16),
(3347, 5, 10, 2, NULL, 1, 1, 0, 10, 7.16),
(3348, 5, 11, 2, NULL, 1, 1, 0, 10, 7.16),
(3349, 5, 12, 2, NULL, 1, 1, 0, 10, 7.16),
(3350, 5, 13, 2, NULL, 1, 1, 0, 10, 7.16),
(3351, 5, 3, 3, NULL, 1, 1, 0, 5, 9.66),
(3352, 5, 4, 3, NULL, 1, 1, 0, 5, 9.66),
(3353, 5, 5, 3, NULL, 1, 1, 0, 5, 9.66),
(3354, 5, 6, 3, NULL, 1, 1, 0, 5, 9.66),
(3355, 5, 7, 3, NULL, 1, 1, 0, 5, 9.66),
(3356, 5, 8, 3, NULL, 1, 1, 0, 5, 9.66),
(3357, 5, 9, 3, NULL, 1, 1, 0, 5, 9.66),
(3358, 5, 10, 3, NULL, 1, 1, 0, 5, 9.66),
(3359, 5, 11, 3, NULL, 1, 1, 0, 5, 9.66),
(3360, 5, 12, 3, NULL, 1, 1, 0, 5, 9.66),
(3361, 5, 13, 3, NULL, 1, 1, 0, 5, 9.66),
(3362, 5, 3, 4, NULL, 1, 1, 0, 5, 12.1),
(3363, 5, 4, 4, NULL, 1, 1, 0, 5, 12.1),
(3364, 5, 5, 4, NULL, 1, 1, 0, 5, 12.1),
(3365, 5, 6, 4, NULL, 1, 1, 0, 5, 12.1),
(3366, 5, 7, 4, NULL, 1, 1, 0, 5, 12.1),
(3367, 5, 8, 4, NULL, 1, 1, 0, 5, 12.1),
(3368, 5, 9, 4, NULL, 1, 1, 0, 5, 12.1),
(3369, 5, 10, 4, NULL, 1, 1, 0, 5, 12.1),
(3370, 5, 11, 4, NULL, 1, 1, 0, 5, 12.1),
(3371, 5, 12, 4, NULL, 1, 1, 0, 5, 12.1),
(3372, 5, 13, 4, NULL, 1, 1, 0, 5, 12.1),
(3373, 5, 3, 5, NULL, 1, 1, 0, 5, 19.05),
(3374, 5, 4, 5, NULL, 1, 1, 0, 5, 19.05),
(3375, 5, 5, 5, NULL, 1, 1, 0, 5, 19.05),
(3376, 5, 6, 5, NULL, 1, 1, 0, 5, 19.05),
(3377, 5, 7, 5, NULL, 1, 1, 0, 5, 19.05),
(3378, 5, 8, 5, NULL, 1, 1, 0, 5, 19.05),
(3379, 5, 9, 5, NULL, 1, 1, 0, 5, 19.05),
(3380, 5, 10, 5, NULL, 1, 1, 0, 5, 19.05),
(3381, 5, 11, 5, NULL, 1, 1, 0, 5, 19.05),
(3382, 5, 12, 5, NULL, 1, 1, 0, 5, 19.05),
(3383, 5, 13, 5, NULL, 1, 1, 0, 5, 19.05),
(3384, 5, 3, 6, NULL, 1, 1, 0, 0, 0),
(3385, 5, 4, 6, NULL, 1, 1, 0, 0, 0),
(3386, 5, 5, 6, NULL, 1, 1, 0, 0, 0),
(3387, 5, 6, 6, NULL, 1, 1, 0, 0, 0),
(3388, 5, 7, 6, NULL, 1, 1, 0, 0, 0),
(3389, 5, 8, 6, NULL, 1, 1, 0, 0, 0),
(3390, 5, 9, 6, NULL, 1, 1, 0, 0, 0),
(3391, 5, 10, 6, NULL, 1, 1, 0, 0, 0),
(3392, 5, 11, 6, NULL, 1, 1, 0, 0, 0),
(3393, 5, 12, 6, NULL, 1, 1, 0, 0, 0),
(3394, 5, 13, 6, NULL, 1, 1, 0, 0, 0),
(3395, 5, 3, 7, NULL, 1, 1, 0, 0, 0),
(3396, 5, 4, 7, NULL, 1, 1, 0, 0, 0),
(3397, 5, 5, 7, NULL, 1, 1, 0, 0, 0),
(3398, 5, 6, 7, NULL, 1, 1, 0, 0, 0),
(3399, 5, 7, 7, NULL, 1, 1, 0, 0, 0),
(3400, 5, 8, 7, NULL, 1, 1, 0, 0, 0),
(3401, 5, 9, 7, NULL, 1, 1, 0, 0, 0),
(3402, 5, 10, 7, NULL, 1, 1, 0, 0, 0),
(3403, 5, 11, 7, NULL, 1, 1, 0, 0, 0),
(3404, 5, 12, 7, NULL, 1, 1, 0, 0, 0),
(3405, 5, 13, 7, NULL, 1, 1, 0, 0, 0),
(3406, 6, 3, 1, NULL, 1, 1, 0, 5, 4.55),
(3407, 6, 4, 1, NULL, 1, 1, 0, 5, 4.55),
(3408, 6, 5, 1, NULL, 1, 1, 0, 5, 4.55),
(3409, 6, 6, 1, NULL, 1, 1, 0, 5, 4.55),
(3410, 6, 7, 1, NULL, 1, 1, 0, 5, 4.55),
(3411, 6, 8, 1, NULL, 1, 1, 0, 5, 4.55),
(3412, 6, 9, 1, NULL, 1, 1, 0, 5, 4.55),
(3413, 6, 10, 1, NULL, 1, 1, 0, 5, 4.55),
(3414, 6, 11, 1, NULL, 1, 1, 0, 5, 4.55),
(3415, 6, 12, 1, NULL, 1, 1, 0, 5, 4.55),
(3416, 6, 13, 1, NULL, 1, 1, 0, 5, 4.55),
(3417, 6, 3, 2, NULL, 1, 1, 0, 10, 9.63),
(3418, 6, 4, 2, NULL, 1, 1, 0, 10, 9.63),
(3419, 6, 5, 2, NULL, 1, 1, 0, 10, 9.63),
(3420, 6, 6, 2, NULL, 1, 1, 0, 10, 9.63),
(3421, 6, 7, 2, NULL, 1, 1, 0, 10, 9.63),
(3422, 6, 8, 2, NULL, 1, 1, 0, 10, 9.63),
(3423, 6, 9, 2, NULL, 1, 1, 0, 10, 9.63),
(3424, 6, 10, 2, NULL, 1, 1, 0, 10, 9.63),
(3425, 6, 11, 2, NULL, 1, 1, 0, 10, 9.63),
(3426, 6, 12, 2, NULL, 1, 1, 0, 10, 9.63),
(3427, 6, 13, 2, NULL, 1, 1, 0, 10, 9.63),
(3428, 6, 3, 3, NULL, 1, 1, 0, 5, 5.22),
(3429, 6, 4, 3, NULL, 1, 1, 0, 5, 5.22),
(3430, 6, 5, 3, NULL, 1, 1, 0, 5, 5.22),
(3431, 6, 6, 3, NULL, 1, 1, 0, 5, 5.22),
(3432, 6, 7, 3, NULL, 1, 1, 0, 5, 5.22),
(3433, 6, 8, 3, NULL, 1, 1, 0, 5, 5.22),
(3434, 6, 9, 3, NULL, 1, 1, 0, 5, 5.22),
(3435, 6, 10, 3, NULL, 1, 1, 0, 5, 5.22),
(3436, 6, 11, 3, NULL, 1, 1, 0, 5, 5.22),
(3437, 6, 12, 3, NULL, 1, 1, 0, 5, 5.22),
(3438, 6, 13, 3, NULL, 1, 1, 0, 5, 5.22),
(3439, 6, 3, 4, NULL, 1, 1, 0, 10, 3.32),
(3440, 6, 4, 4, NULL, 1, 1, 0, 10, 3.32),
(3441, 6, 5, 4, NULL, 1, 1, 0, 10, 3.32),
(3442, 6, 6, 4, NULL, 1, 1, 0, 10, 3.32),
(3443, 6, 7, 4, NULL, 1, 1, 0, 10, 3.32),
(3444, 6, 8, 4, NULL, 1, 1, 0, 10, 3.32),
(3445, 6, 9, 4, NULL, 1, 1, 0, 10, 3.32),
(3446, 6, 10, 4, NULL, 1, 1, 0, 10, 3.32),
(3447, 6, 11, 4, NULL, 1, 1, 0, 10, 3.32),
(3448, 6, 12, 4, NULL, 1, 1, 0, 10, 3.32),
(3449, 6, 13, 4, NULL, 1, 1, 0, 10, 3.32),
(3450, 6, 3, 5, NULL, 1, 1, 0, 5, 9.01),
(3451, 6, 4, 5, NULL, 1, 1, 0, 5, 9.01),
(3452, 6, 5, 5, NULL, 1, 1, 0, 5, 9.01),
(3453, 6, 6, 5, NULL, 1, 1, 0, 5, 9.01),
(3454, 6, 7, 5, NULL, 1, 1, 0, 5, 9.01),
(3455, 6, 8, 5, NULL, 1, 1, 0, 5, 9.01),
(3456, 6, 9, 5, NULL, 1, 1, 0, 5, 9.01),
(3457, 6, 10, 5, NULL, 1, 1, 0, 5, 9.01),
(3458, 6, 11, 5, NULL, 1, 1, 0, 5, 9.01),
(3459, 6, 12, 5, NULL, 1, 1, 0, 5, 9.01),
(3460, 6, 13, 5, NULL, 1, 1, 0, 5, 9.01),
(3461, 6, 3, 6, NULL, 1, 1, 0, 0, 0),
(3462, 6, 4, 6, NULL, 1, 1, 0, 0, 0),
(3463, 6, 5, 6, NULL, 1, 1, 0, 0, 0),
(3464, 6, 6, 6, NULL, 1, 1, 0, 0, 0),
(3465, 6, 7, 6, NULL, 1, 1, 0, 0, 0),
(3466, 6, 8, 6, NULL, 1, 1, 0, 0, 0),
(3467, 6, 9, 6, NULL, 1, 1, 0, 0, 0),
(3468, 6, 10, 6, NULL, 1, 1, 0, 0, 0),
(3469, 6, 11, 6, NULL, 1, 1, 0, 0, 0),
(3470, 6, 12, 6, NULL, 1, 1, 0, 0, 0),
(3471, 6, 13, 6, NULL, 1, 1, 0, 0, 0),
(3472, 6, 3, 7, NULL, 1, 1, 0, 0, 0),
(3473, 6, 4, 7, NULL, 1, 1, 0, 0, 0),
(3474, 6, 5, 7, NULL, 1, 1, 0, 0, 0),
(3475, 6, 6, 7, NULL, 1, 1, 0, 0, 0),
(3476, 6, 7, 7, NULL, 1, 1, 0, 0, 0),
(3477, 6, 8, 7, NULL, 1, 1, 0, 0, 0),
(3478, 6, 9, 7, NULL, 1, 1, 0, 0, 0),
(3479, 6, 10, 7, NULL, 1, 1, 0, 0, 0),
(3480, 6, 11, 7, NULL, 1, 1, 0, 0, 0),
(3481, 6, 12, 7, NULL, 1, 1, 0, 0, 0),
(3482, 6, 13, 7, NULL, 1, 1, 0, 0, 0),
(3483, 7, 3, 1, NULL, 1, 1, 0, 5, 3.73),
(3484, 7, 4, 1, NULL, 1, 1, 0, 5, 3.73),
(3485, 7, 5, 1, NULL, 1, 1, 0, 5, 3.73),
(3486, 7, 6, 1, NULL, 1, 1, 0, 5, 3.73),
(3487, 7, 7, 1, NULL, 1, 1, 0, 5, 3.73),
(3488, 7, 8, 1, NULL, 1, 1, 0, 5, 3.73),
(3489, 7, 9, 1, NULL, 1, 1, 0, 5, 3.73),
(3490, 7, 10, 1, NULL, 1, 1, 0, 5, 3.73),
(3491, 7, 11, 1, NULL, 1, 1, 0, 5, 3.73),
(3492, 7, 12, 1, NULL, 1, 1, 0, 5, 3.73),
(3493, 7, 13, 1, NULL, 1, 1, 0, 5, 3.73),
(3494, 7, 3, 2, NULL, 1, 1, 0, 10, 6.84),
(3495, 7, 4, 2, NULL, 1, 1, 0, 10, 6.84),
(3496, 7, 5, 2, NULL, 1, 1, 0, 10, 6.84),
(3497, 7, 6, 2, NULL, 1, 1, 0, 10, 6.84),
(3498, 7, 7, 2, NULL, 1, 1, 0, 10, 6.84),
(3499, 7, 8, 2, NULL, 1, 1, 0, 10, 6.84),
(3500, 7, 9, 2, NULL, 1, 1, 0, 10, 6.84),
(3501, 7, 10, 2, NULL, 1, 1, 0, 10, 6.84),
(3502, 7, 11, 2, NULL, 1, 1, 0, 10, 6.84),
(3503, 7, 12, 2, NULL, 1, 1, 0, 10, 6.84),
(3504, 7, 13, 2, NULL, 1, 1, 0, 10, 6.84),
(3505, 7, 3, 3, NULL, 1, 1, 0, 5, 6.21),
(3506, 7, 4, 3, NULL, 1, 1, 0, 5, 6.21),
(3507, 7, 5, 3, NULL, 1, 1, 0, 5, 6.21),
(3508, 7, 6, 3, NULL, 1, 1, 0, 5, 6.21),
(3509, 7, 7, 3, NULL, 1, 1, 0, 5, 6.21),
(3510, 7, 8, 3, NULL, 1, 1, 0, 5, 6.21),
(3511, 7, 9, 3, NULL, 1, 1, 0, 5, 6.21),
(3512, 7, 10, 3, NULL, 1, 1, 0, 5, 6.21),
(3513, 7, 11, 3, NULL, 1, 1, 0, 5, 6.21),
(3514, 7, 12, 3, NULL, 1, 1, 0, 5, 6.21),
(3515, 7, 13, 3, NULL, 1, 1, 0, 5, 6.21),
(3516, 7, 3, 4, NULL, 1, 1, 0, 5, 5.75),
(3517, 7, 4, 4, NULL, 1, 1, 0, 5, 5.75),
(3518, 7, 5, 4, NULL, 1, 1, 0, 5, 5.75),
(3519, 7, 6, 4, NULL, 1, 1, 0, 5, 5.75),
(3520, 7, 7, 4, NULL, 1, 1, 0, 5, 5.75),
(3521, 7, 8, 4, NULL, 1, 1, 0, 5, 5.75),
(3522, 7, 9, 4, NULL, 1, 1, 0, 5, 5.75),
(3523, 7, 10, 4, NULL, 1, 1, 0, 5, 5.75),
(3524, 7, 11, 4, NULL, 1, 1, 0, 5, 5.75),
(3525, 7, 12, 4, NULL, 1, 1, 0, 5, 5.75),
(3526, 7, 13, 4, NULL, 1, 1, 0, 5, 5.75),
(3527, 7, 3, 5, NULL, 1, 1, 0, 5, 9.36),
(3528, 7, 4, 5, NULL, 1, 1, 0, 5, 9.36),
(3529, 7, 5, 5, NULL, 1, 1, 0, 5, 9.36),
(3530, 7, 6, 5, NULL, 1, 1, 0, 5, 9.36),
(3531, 7, 7, 5, NULL, 1, 1, 0, 5, 9.36),
(3532, 7, 8, 5, NULL, 1, 1, 0, 5, 9.36),
(3533, 7, 9, 5, NULL, 1, 1, 0, 5, 9.36),
(3534, 7, 10, 5, NULL, 1, 1, 0, 5, 9.36),
(3535, 7, 11, 5, NULL, 1, 1, 0, 5, 9.36),
(3536, 7, 12, 5, NULL, 1, 1, 0, 5, 9.36),
(3537, 7, 13, 5, NULL, 1, 1, 0, 5, 9.36),
(3538, 7, 3, 6, NULL, 1, 1, 0, 0, 0),
(3539, 7, 4, 6, NULL, 1, 1, 0, 0, 0),
(3540, 7, 5, 6, NULL, 1, 1, 0, 0, 0),
(3541, 7, 6, 6, NULL, 1, 1, 0, 0, 0),
(3542, 7, 7, 6, NULL, 1, 1, 0, 0, 0),
(3543, 7, 8, 6, NULL, 1, 1, 0, 0, 0),
(3544, 7, 9, 6, NULL, 1, 1, 0, 0, 0),
(3545, 7, 10, 6, NULL, 1, 1, 0, 0, 0),
(3546, 7, 11, 6, NULL, 1, 1, 0, 0, 0),
(3547, 7, 12, 6, NULL, 1, 1, 0, 0, 0),
(3548, 7, 13, 6, NULL, 1, 1, 0, 0, 0),
(3549, 7, 3, 7, NULL, 1, 1, 0, 0, 0),
(3550, 7, 4, 7, NULL, 1, 1, 0, 0, 0),
(3551, 7, 5, 7, NULL, 1, 1, 0, 0, 0),
(3552, 7, 6, 7, NULL, 1, 1, 0, 0, 0),
(3553, 7, 7, 7, NULL, 1, 1, 0, 0, 0),
(3554, 7, 8, 7, NULL, 1, 1, 0, 0, 0),
(3555, 7, 9, 7, NULL, 1, 1, 0, 0, 0),
(3556, 7, 10, 7, NULL, 1, 1, 0, 0, 0),
(3557, 7, 11, 7, NULL, 1, 1, 0, 0, 0),
(3558, 7, 12, 7, NULL, 1, 1, 0, 0, 0),
(3559, 7, 13, 7, NULL, 1, 1, 0, 0, 0),
(3560, 8, 3, 1, NULL, 1, 1, 0, 5, 3.6),
(3561, 8, 4, 1, NULL, 1, 1, 0, 5, 3.6),
(3562, 8, 5, 1, NULL, 1, 1, 0, 5, 3.6),
(3563, 8, 6, 1, NULL, 1, 1, 0, 5, 3.6),
(3564, 8, 7, 1, NULL, 1, 1, 0, 5, 3.6),
(3565, 8, 8, 1, NULL, 1, 1, 0, 5, 3.6),
(3566, 8, 9, 1, NULL, 1, 1, 0, 5, 3.6),
(3567, 8, 10, 1, NULL, 1, 1, 0, 5, 3.6),
(3568, 8, 11, 1, NULL, 1, 1, 0, 5, 3.6),
(3569, 8, 12, 1, NULL, 1, 1, 0, 5, 3.6),
(3570, 8, 13, 1, NULL, 1, 1, 0, 5, 3.6),
(3571, 8, 3, 2, NULL, 1, 1, 0, 5, 2.73),
(3572, 8, 4, 2, NULL, 1, 1, 0, 5, 2.73),
(3573, 8, 5, 2, NULL, 1, 1, 0, 5, 2.73),
(3574, 8, 6, 2, NULL, 1, 1, 0, 5, 2.73),
(3575, 8, 7, 2, NULL, 1, 1, 0, 5, 2.73),
(3576, 8, 8, 2, NULL, 1, 1, 0, 5, 2.73),
(3577, 8, 9, 2, NULL, 1, 1, 0, 5, 2.73),
(3578, 8, 10, 2, NULL, 1, 1, 0, 5, 2.73),
(3579, 8, 11, 2, NULL, 1, 1, 0, 5, 2.73),
(3580, 8, 12, 2, NULL, 1, 1, 0, 5, 2.73),
(3581, 8, 13, 2, NULL, 1, 1, 0, 5, 2.73),
(3582, 8, 3, 3, NULL, 1, 1, 0, 5, 5.5),
(3583, 8, 4, 3, NULL, 1, 1, 0, 5, 5.5),
(3584, 8, 5, 3, NULL, 1, 1, 0, 5, 5.5),
(3585, 8, 6, 3, NULL, 1, 1, 0, 5, 5.5),
(3586, 8, 7, 3, NULL, 1, 1, 0, 5, 5.5),
(3587, 8, 8, 3, NULL, 1, 1, 0, 5, 5.5),
(3588, 8, 9, 3, NULL, 1, 1, 0, 5, 5.5),
(3589, 8, 10, 3, NULL, 1, 1, 0, 5, 5.5),
(3590, 8, 11, 3, NULL, 1, 1, 0, 5, 5.5),
(3591, 8, 12, 3, NULL, 1, 1, 0, 5, 5.5),
(3592, 8, 13, 3, NULL, 1, 1, 0, 5, 5.5),
(3593, 8, 3, 4, NULL, 1, 1, 0, 5, 6.77),
(3594, 8, 4, 4, NULL, 1, 1, 0, 5, 6.77),
(3595, 8, 5, 4, NULL, 1, 1, 0, 5, 6.77),
(3596, 8, 6, 4, NULL, 1, 1, 0, 5, 6.77),
(3597, 8, 7, 4, NULL, 1, 1, 0, 5, 6.77),
(3598, 8, 8, 4, NULL, 1, 1, 0, 5, 6.77),
(3599, 8, 9, 4, NULL, 1, 1, 0, 5, 6.77),
(3600, 8, 10, 4, NULL, 1, 1, 0, 5, 6.77),
(3601, 8, 11, 4, NULL, 1, 1, 0, 5, 6.77),
(3602, 8, 12, 4, NULL, 1, 1, 0, 5, 6.77),
(3603, 8, 13, 4, NULL, 1, 1, 0, 5, 6.77),
(3604, 8, 3, 5, NULL, 1, 1, 0, 5, 12.04),
(3605, 8, 4, 5, NULL, 1, 1, 0, 5, 12.04),
(3606, 8, 5, 5, NULL, 1, 1, 0, 5, 12.04),
(3607, 8, 6, 5, NULL, 1, 1, 0, 5, 12.04),
(3608, 8, 7, 5, NULL, 1, 1, 0, 5, 12.04),
(3609, 8, 8, 5, NULL, 1, 1, 0, 5, 12.04),
(3610, 8, 9, 5, NULL, 1, 1, 0, 5, 12.04),
(3611, 8, 10, 5, NULL, 1, 1, 0, 5, 12.04),
(3612, 8, 11, 5, NULL, 1, 1, 0, 5, 12.04),
(3613, 8, 12, 5, NULL, 1, 1, 0, 5, 12.04),
(3614, 8, 13, 5, NULL, 1, 1, 0, 5, 12.04),
(3615, 8, 3, 6, NULL, 1, 1, 0, 0, 0),
(3616, 8, 4, 6, NULL, 1, 1, 0, 0, 0),
(3617, 8, 5, 6, NULL, 1, 1, 0, 0, 0),
(3618, 8, 6, 6, NULL, 1, 1, 0, 0, 0),
(3619, 8, 7, 6, NULL, 1, 1, 0, 0, 0),
(3620, 8, 8, 6, NULL, 1, 1, 0, 0, 0),
(3621, 8, 9, 6, NULL, 1, 1, 0, 0, 0),
(3622, 8, 10, 6, NULL, 1, 1, 0, 0, 0),
(3623, 8, 11, 6, NULL, 1, 1, 0, 0, 0),
(3624, 8, 12, 6, NULL, 1, 1, 0, 0, 0),
(3625, 8, 13, 6, NULL, 1, 1, 0, 0, 0),
(3626, 8, 3, 7, NULL, 1, 1, 0, 0, 0),
(3627, 8, 4, 7, NULL, 1, 1, 0, 0, 0),
(3628, 8, 5, 7, NULL, 1, 1, 0, 0, 0),
(3629, 8, 6, 7, NULL, 1, 1, 0, 0, 0),
(3630, 8, 7, 7, NULL, 1, 1, 0, 0, 0),
(3631, 8, 8, 7, NULL, 1, 1, 0, 0, 0),
(3632, 8, 9, 7, NULL, 1, 1, 0, 0, 0),
(3633, 8, 10, 7, NULL, 1, 1, 0, 0, 0),
(3634, 8, 11, 7, NULL, 1, 1, 0, 0, 0),
(3635, 8, 12, 7, NULL, 1, 1, 0, 0, 0),
(3636, 8, 13, 7, NULL, 1, 1, 0, 0, 0),
(3637, 9, 3, 1, NULL, 1, 1, 0, 10, 4.77),
(3638, 9, 4, 1, NULL, 1, 1, 0, 10, 4.77),
(3639, 9, 5, 1, NULL, 1, 1, 0, 10, 4.77),
(3640, 9, 6, 1, NULL, 1, 1, 0, 10, 4.77),
(3641, 9, 7, 1, NULL, 1, 1, 0, 10, 4.77),
(3642, 9, 8, 1, NULL, 1, 1, 0, 10, 4.77),
(3643, 9, 9, 1, NULL, 1, 1, 0, 10, 4.77),
(3644, 9, 10, 1, NULL, 1, 1, 0, 10, 4.77),
(3645, 9, 11, 1, NULL, 1, 1, 0, 10, 4.77),
(3646, 9, 12, 1, NULL, 1, 1, 0, 10, 4.77),
(3647, 9, 13, 1, NULL, 1, 1, 0, 10, 4.77),
(3648, 9, 3, 2, NULL, 1, 1, 0, 10, 4.97),
(3649, 9, 4, 2, NULL, 1, 1, 0, 10, 4.97),
(3650, 9, 5, 2, NULL, 1, 1, 0, 10, 4.97),
(3651, 9, 6, 2, NULL, 1, 1, 0, 10, 4.97),
(3652, 9, 7, 2, NULL, 1, 1, 0, 10, 4.97),
(3653, 9, 8, 2, NULL, 1, 1, 0, 10, 4.97),
(3654, 9, 9, 2, NULL, 1, 1, 0, 10, 4.97),
(3655, 9, 10, 2, NULL, 1, 1, 0, 10, 4.97),
(3656, 9, 11, 2, NULL, 1, 1, 0, 10, 4.97),
(3657, 9, 12, 2, NULL, 1, 1, 0, 10, 4.97),
(3658, 9, 13, 2, NULL, 1, 1, 0, 10, 4.97),
(3659, 9, 3, 3, NULL, 1, 1, 0, 5, 4.62),
(3660, 9, 4, 3, NULL, 1, 1, 0, 5, 4.62),
(3661, 9, 5, 3, NULL, 1, 1, 0, 5, 4.62),
(3662, 9, 6, 3, NULL, 1, 1, 0, 5, 4.62),
(3663, 9, 7, 3, NULL, 1, 1, 0, 5, 4.62),
(3664, 9, 8, 3, NULL, 1, 1, 0, 5, 4.62),
(3665, 9, 9, 3, NULL, 1, 1, 0, 5, 4.62),
(3666, 9, 10, 3, NULL, 1, 1, 0, 5, 4.62),
(3667, 9, 11, 3, NULL, 1, 1, 0, 5, 4.62),
(3668, 9, 12, 3, NULL, 1, 1, 0, 5, 4.62),
(3669, 9, 13, 3, NULL, 1, 1, 0, 5, 4.62),
(3670, 9, 3, 4, NULL, 1, 1, 0, 10, 4.49),
(3671, 9, 4, 4, NULL, 1, 1, 0, 10, 4.49),
(3672, 9, 5, 4, NULL, 1, 1, 0, 10, 4.49),
(3673, 9, 6, 4, NULL, 1, 1, 0, 10, 4.49),
(3674, 9, 7, 4, NULL, 1, 1, 0, 10, 4.49),
(3675, 9, 8, 4, NULL, 1, 1, 0, 10, 4.49),
(3676, 9, 9, 4, NULL, 1, 1, 0, 10, 4.49),
(3677, 9, 10, 4, NULL, 1, 1, 0, 10, 4.49),
(3678, 9, 11, 4, NULL, 1, 1, 0, 10, 4.49),
(3679, 9, 12, 4, NULL, 1, 1, 0, 10, 4.49),
(3680, 9, 13, 4, NULL, 1, 1, 0, 10, 4.49),
(3681, 9, 3, 5, NULL, 1, 1, 0, 5, 6.65),
(3682, 9, 4, 5, NULL, 1, 1, 0, 5, 6.65),
(3683, 9, 5, 5, NULL, 1, 1, 0, 5, 6.65),
(3684, 9, 6, 5, NULL, 1, 1, 0, 5, 6.65),
(3685, 9, 7, 5, NULL, 1, 1, 0, 5, 6.65),
(3686, 9, 8, 5, NULL, 1, 1, 0, 5, 6.65),
(3687, 9, 9, 5, NULL, 1, 1, 0, 5, 6.65),
(3688, 9, 10, 5, NULL, 1, 1, 0, 5, 6.65),
(3689, 9, 11, 5, NULL, 1, 1, 0, 5, 6.65),
(3690, 9, 12, 5, NULL, 1, 1, 0, 5, 6.65),
(3691, 9, 13, 5, NULL, 1, 1, 0, 5, 6.65),
(3692, 9, 3, 6, NULL, 1, 1, 0, 0, 0),
(3693, 9, 4, 6, NULL, 1, 1, 0, 0, 0),
(3694, 9, 5, 6, NULL, 1, 1, 0, 0, 0),
(3695, 9, 6, 6, NULL, 1, 1, 0, 0, 0),
(3696, 9, 7, 6, NULL, 1, 1, 0, 0, 0),
(3697, 9, 8, 6, NULL, 1, 1, 0, 0, 0),
(3698, 9, 9, 6, NULL, 1, 1, 0, 0, 0),
(3699, 9, 10, 6, NULL, 1, 1, 0, 0, 0),
(3700, 9, 11, 6, NULL, 1, 1, 0, 0, 0),
(3701, 9, 12, 6, NULL, 1, 1, 0, 0, 0),
(3702, 9, 13, 6, NULL, 1, 1, 0, 0, 0),
(3703, 9, 3, 7, NULL, 1, 1, 0, 0, 0),
(3704, 9, 4, 7, NULL, 1, 1, 0, 0, 0),
(3705, 9, 5, 7, NULL, 1, 1, 0, 0, 0),
(3706, 9, 6, 7, NULL, 1, 1, 0, 0, 0),
(3707, 9, 7, 7, NULL, 1, 1, 0, 0, 0),
(3708, 9, 8, 7, NULL, 1, 1, 0, 0, 0),
(3709, 9, 9, 7, NULL, 1, 1, 0, 0, 0),
(3710, 9, 10, 7, NULL, 1, 1, 0, 0, 0),
(3711, 9, 11, 7, NULL, 1, 1, 0, 0, 0),
(3712, 9, 12, 7, NULL, 1, 1, 0, 0, 0),
(3713, 9, 13, 7, NULL, 1, 1, 0, 0, 0),
(3714, 10, 3, 1, NULL, 1, 1, 0, 10, 3.71),
(3715, 10, 4, 1, NULL, 1, 1, 0, 10, 3.71),
(3716, 10, 5, 1, NULL, 1, 1, 0, 10, 3.71),
(3717, 10, 6, 1, NULL, 1, 1, 0, 10, 3.71),
(3718, 10, 7, 1, NULL, 1, 1, 0, 10, 3.71),
(3719, 10, 8, 1, NULL, 1, 1, 0, 10, 3.71),
(3720, 10, 9, 1, NULL, 1, 1, 0, 10, 3.71),
(3721, 10, 10, 1, NULL, 1, 1, 0, 10, 3.71),
(3722, 10, 11, 1, NULL, 1, 1, 0, 10, 3.71),
(3723, 10, 12, 1, NULL, 1, 1, 0, 10, 3.71),
(3724, 10, 13, 1, NULL, 1, 1, 0, 10, 3.71),
(3725, 10, 3, 2, NULL, 1, 1, 0, 5, 7.42),
(3726, 10, 4, 2, NULL, 1, 1, 0, 5, 7.42),
(3727, 10, 5, 2, NULL, 1, 1, 0, 5, 7.42),
(3728, 10, 6, 2, NULL, 1, 1, 0, 5, 7.42),
(3729, 10, 7, 2, NULL, 1, 1, 0, 5, 7.42),
(3730, 10, 8, 2, NULL, 1, 1, 0, 5, 7.42),
(3731, 10, 9, 2, NULL, 1, 1, 0, 5, 7.42),
(3732, 10, 10, 2, NULL, 1, 1, 0, 5, 7.42),
(3733, 10, 11, 2, NULL, 1, 1, 0, 5, 7.42),
(3734, 10, 12, 2, NULL, 1, 1, 0, 5, 7.42),
(3735, 10, 13, 2, NULL, 1, 1, 0, 5, 7.42),
(3736, 10, 3, 3, NULL, 1, 1, 0, 20, 9.44),
(3737, 10, 4, 3, NULL, 1, 1, 0, 20, 9.44),
(3738, 10, 5, 3, NULL, 1, 1, 0, 20, 9.44),
(3739, 10, 6, 3, NULL, 1, 1, 0, 20, 9.44),
(3740, 10, 7, 3, NULL, 1, 1, 0, 20, 9.44),
(3741, 10, 8, 3, NULL, 1, 1, 0, 20, 9.44),
(3742, 10, 9, 3, NULL, 1, 1, 0, 20, 9.44),
(3743, 10, 10, 3, NULL, 1, 1, 0, 20, 9.44),
(3744, 10, 11, 3, NULL, 1, 1, 0, 20, 9.44),
(3745, 10, 12, 3, NULL, 1, 1, 0, 20, 9.44),
(3746, 10, 13, 3, NULL, 1, 1, 0, 20, 9.44),
(3747, 10, 3, 4, NULL, 1, 1, 0, 20, 6.25),
(3748, 10, 4, 4, NULL, 1, 1, 0, 20, 6.25),
(3749, 10, 5, 4, NULL, 1, 1, 0, 20, 6.25),
(3750, 10, 6, 4, NULL, 1, 1, 0, 20, 6.25),
(3751, 10, 7, 4, NULL, 1, 1, 0, 20, 6.25),
(3752, 10, 8, 4, NULL, 1, 1, 0, 20, 6.25),
(3753, 10, 9, 4, NULL, 1, 1, 0, 20, 6.25),
(3754, 10, 10, 4, NULL, 1, 1, 0, 20, 6.25),
(3755, 10, 11, 4, NULL, 1, 1, 0, 20, 6.25),
(3756, 10, 12, 4, NULL, 1, 1, 0, 20, 6.25),
(3757, 10, 13, 4, NULL, 1, 1, 0, 20, 6.25),
(3758, 10, 3, 5, NULL, 1, 1, 0, 10, 13.54),
(3759, 10, 4, 5, NULL, 1, 1, 0, 10, 13.54),
(3760, 10, 5, 5, NULL, 1, 1, 0, 10, 13.54),
(3761, 10, 6, 5, NULL, 1, 1, 0, 10, 13.54),
(3762, 10, 7, 5, NULL, 1, 1, 0, 10, 13.54),
(3763, 10, 8, 5, NULL, 1, 1, 0, 10, 13.54),
(3764, 10, 9, 5, NULL, 1, 1, 0, 10, 13.54),
(3765, 10, 10, 5, NULL, 1, 1, 0, 10, 13.54),
(3766, 10, 11, 5, NULL, 1, 1, 0, 10, 13.54),
(3767, 10, 12, 5, NULL, 1, 1, 0, 10, 13.54),
(3768, 10, 13, 5, NULL, 1, 1, 0, 10, 13.54),
(3769, 10, 3, 6, NULL, 1, 1, 0, 0, 0),
(3770, 10, 4, 6, NULL, 1, 1, 0, 0, 0),
(3771, 10, 5, 6, NULL, 1, 1, 0, 0, 0),
(3772, 10, 6, 6, NULL, 1, 1, 0, 0, 0),
(3773, 10, 7, 6, NULL, 1, 1, 0, 0, 0),
(3774, 10, 8, 6, NULL, 1, 1, 0, 0, 0),
(3775, 10, 9, 6, NULL, 1, 1, 0, 0, 0),
(3776, 10, 10, 6, NULL, 1, 1, 0, 0, 0),
(3777, 10, 11, 6, NULL, 1, 1, 0, 0, 0),
(3778, 10, 12, 6, NULL, 1, 1, 0, 0, 0),
(3779, 10, 13, 6, NULL, 1, 1, 0, 0, 0),
(3780, 10, 3, 7, NULL, 1, 1, 0, 0, 0),
(3781, 10, 4, 7, NULL, 1, 1, 0, 0, 0),
(3782, 10, 5, 7, NULL, 1, 1, 0, 0, 0),
(3783, 10, 6, 7, NULL, 1, 1, 0, 0, 0),
(3784, 10, 7, 7, NULL, 1, 1, 0, 0, 0),
(3785, 10, 8, 7, NULL, 1, 1, 0, 0, 0),
(3786, 10, 9, 7, NULL, 1, 1, 0, 0, 0),
(3787, 10, 10, 7, NULL, 1, 1, 0, 0, 0),
(3788, 10, 11, 7, NULL, 1, 1, 0, 0, 0),
(3789, 10, 12, 7, NULL, 1, 1, 0, 0, 0),
(3790, 10, 13, 7, NULL, 1, 1, 0, 0, 0),
(3791, 11, 3, 1, NULL, 1, 1, 0, 5, 5.98),
(3792, 11, 4, 1, NULL, 1, 1, 0, 5, 5.98),
(3793, 11, 5, 1, NULL, 1, 1, 0, 5, 5.98),
(3794, 11, 6, 1, NULL, 1, 1, 0, 5, 5.98),
(3795, 11, 7, 1, NULL, 1, 1, 0, 5, 5.98),
(3796, 11, 8, 1, NULL, 1, 1, 0, 5, 5.98),
(3797, 11, 9, 1, NULL, 1, 1, 0, 5, 5.98),
(3798, 11, 10, 1, NULL, 1, 1, 0, 5, 5.98),
(3799, 11, 11, 1, NULL, 1, 1, 0, 5, 5.98),
(3800, 11, 12, 1, NULL, 1, 1, 0, 5, 5.98),
(3801, 11, 13, 1, NULL, 1, 1, 0, 5, 5.98),
(3802, 11, 3, 2, NULL, 1, 1, 0, 10, 8.83),
(3803, 11, 4, 2, NULL, 1, 1, 0, 10, 8.83),
(3804, 11, 5, 2, NULL, 1, 1, 0, 10, 8.83),
(3805, 11, 6, 2, NULL, 1, 1, 0, 10, 8.83),
(3806, 11, 7, 2, NULL, 1, 1, 0, 10, 8.83),
(3807, 11, 8, 2, NULL, 1, 1, 0, 10, 8.83),
(3808, 11, 9, 2, NULL, 1, 1, 0, 10, 8.83),
(3809, 11, 10, 2, NULL, 1, 1, 0, 10, 8.83),
(3810, 11, 11, 2, NULL, 1, 1, 0, 10, 8.83),
(3811, 11, 12, 2, NULL, 1, 1, 0, 10, 8.83),
(3812, 11, 13, 2, NULL, 1, 1, 0, 10, 8.83),
(3813, 11, 3, 3, NULL, 1, 1, 0, 5, 6.74),
(3814, 11, 4, 3, NULL, 1, 1, 0, 5, 6.74),
(3815, 11, 5, 3, NULL, 1, 1, 0, 5, 6.74),
(3816, 11, 6, 3, NULL, 1, 1, 0, 5, 6.74),
(3817, 11, 7, 3, NULL, 1, 1, 0, 5, 6.74),
(3818, 11, 8, 3, NULL, 1, 1, 0, 5, 6.74),
(3819, 11, 9, 3, NULL, 1, 1, 0, 5, 6.74),
(3820, 11, 10, 3, NULL, 1, 1, 0, 5, 6.74),
(3821, 11, 11, 3, NULL, 1, 1, 0, 5, 6.74),
(3822, 11, 12, 3, NULL, 1, 1, 0, 5, 6.74),
(3823, 11, 13, 3, NULL, 1, 1, 0, 5, 6.74),
(3824, 11, 3, 4, NULL, 1, 1, 0, 5, 6.68),
(3825, 11, 4, 4, NULL, 1, 1, 0, 5, 6.68),
(3826, 11, 5, 4, NULL, 1, 1, 0, 5, 6.68),
(3827, 11, 6, 4, NULL, 1, 1, 0, 5, 6.68),
(3828, 11, 7, 4, NULL, 1, 1, 0, 5, 6.68),
(3829, 11, 8, 4, NULL, 1, 1, 0, 5, 6.68),
(3830, 11, 9, 4, NULL, 1, 1, 0, 5, 6.68),
(3831, 11, 10, 4, NULL, 1, 1, 0, 5, 6.68),
(3832, 11, 11, 4, NULL, 1, 1, 0, 5, 6.68),
(3833, 11, 12, 4, NULL, 1, 1, 0, 5, 6.68),
(3834, 11, 13, 4, NULL, 1, 1, 0, 5, 6.68),
(3835, 11, 3, 5, NULL, 1, 1, 0, 5, 13.65),
(3836, 11, 4, 5, NULL, 1, 1, 0, 5, 13.65),
(3837, 11, 5, 5, NULL, 1, 1, 0, 5, 13.65),
(3838, 11, 6, 5, NULL, 1, 1, 0, 5, 13.65),
(3839, 11, 7, 5, NULL, 1, 1, 0, 5, 13.65),
(3840, 11, 8, 5, NULL, 1, 1, 0, 5, 13.65),
(3841, 11, 9, 5, NULL, 1, 1, 0, 5, 13.65),
(3842, 11, 10, 5, NULL, 1, 1, 0, 5, 13.65),
(3843, 11, 11, 5, NULL, 1, 1, 0, 5, 13.65),
(3844, 11, 12, 5, NULL, 1, 1, 0, 5, 13.65),
(3845, 11, 13, 5, NULL, 1, 1, 0, 5, 13.65),
(3846, 11, 3, 6, NULL, 1, 1, 0, 0, 0),
(3847, 11, 4, 6, NULL, 1, 1, 0, 0, 0),
(3848, 11, 5, 6, NULL, 1, 1, 0, 0, 0),
(3849, 11, 6, 6, NULL, 1, 1, 0, 0, 0),
(3850, 11, 7, 6, NULL, 1, 1, 0, 0, 0),
(3851, 11, 8, 6, NULL, 1, 1, 0, 0, 0),
(3852, 11, 9, 6, NULL, 1, 1, 0, 0, 0),
(3853, 11, 10, 6, NULL, 1, 1, 0, 0, 0),
(3854, 11, 11, 6, NULL, 1, 1, 0, 0, 0),
(3855, 11, 12, 6, NULL, 1, 1, 0, 0, 0),
(3856, 11, 13, 6, NULL, 1, 1, 0, 0, 0),
(3857, 11, 3, 7, NULL, 1, 1, 0, 0, 0),
(3858, 11, 4, 7, NULL, 1, 1, 0, 0, 0),
(3859, 11, 5, 7, NULL, 1, 1, 0, 0, 0),
(3860, 11, 6, 7, NULL, 1, 1, 0, 0, 0),
(3861, 11, 7, 7, NULL, 1, 1, 0, 0, 0),
(3862, 11, 8, 7, NULL, 1, 1, 0, 0, 0),
(3863, 11, 9, 7, NULL, 1, 1, 0, 0, 0),
(3864, 11, 10, 7, NULL, 1, 1, 0, 0, 0),
(3865, 11, 11, 7, NULL, 1, 1, 0, 0, 0),
(3866, 11, 12, 7, NULL, 1, 1, 0, 0, 0),
(3867, 11, 13, 7, NULL, 1, 1, 0, 0, 0),
(3868, 12, 3, 1, NULL, 1, 1, 0, 5, 4.27),
(3869, 12, 4, 1, NULL, 1, 1, 0, 5, 4.27),
(3870, 12, 5, 1, NULL, 1, 1, 0, 5, 4.27),
(3871, 12, 6, 1, NULL, 1, 1, 0, 5, 4.27),
(3872, 12, 7, 1, NULL, 1, 1, 0, 5, 4.27),
(3873, 12, 8, 1, NULL, 1, 1, 0, 5, 4.27),
(3874, 12, 9, 1, NULL, 1, 1, 0, 5, 4.27),
(3875, 12, 10, 1, NULL, 1, 1, 0, 5, 4.27),
(3876, 12, 11, 1, NULL, 1, 1, 0, 5, 4.27),
(3877, 12, 12, 1, NULL, 1, 1, 0, 5, 4.27),
(3878, 12, 13, 1, NULL, 1, 1, 0, 5, 4.27),
(3879, 12, 3, 2, NULL, 1, 1, 0, 5, 5.34),
(3880, 12, 4, 2, NULL, 1, 1, 0, 5, 5.34),
(3881, 12, 5, 2, NULL, 1, 1, 0, 5, 5.34),
(3882, 12, 6, 2, NULL, 1, 1, 0, 5, 5.34),
(3883, 12, 7, 2, NULL, 1, 1, 0, 5, 5.34),
(3884, 12, 8, 2, NULL, 1, 1, 0, 5, 5.34),
(3885, 12, 9, 2, NULL, 1, 1, 0, 5, 5.34),
(3886, 12, 10, 2, NULL, 1, 1, 0, 5, 5.34),
(3887, 12, 11, 2, NULL, 1, 1, 0, 5, 5.34),
(3888, 12, 12, 2, NULL, 1, 1, 0, 5, 5.34),
(3889, 12, 13, 2, NULL, 1, 1, 0, 5, 5.34),
(3890, 12, 3, 3, NULL, 1, 1, 0, 5, 5.38),
(3891, 12, 4, 3, NULL, 1, 1, 0, 5, 5.38),
(3892, 12, 5, 3, NULL, 1, 1, 0, 5, 5.38),
(3893, 12, 6, 3, NULL, 1, 1, 0, 5, 5.38),
(3894, 12, 7, 3, NULL, 1, 1, 0, 5, 5.38),
(3895, 12, 8, 3, NULL, 1, 1, 0, 5, 5.38),
(3896, 12, 9, 3, NULL, 1, 1, 0, 5, 5.38),
(3897, 12, 10, 3, NULL, 1, 1, 0, 5, 5.38),
(3898, 12, 11, 3, NULL, 1, 1, 0, 5, 5.38),
(3899, 12, 12, 3, NULL, 1, 1, 0, 5, 5.38),
(3900, 12, 13, 3, NULL, 1, 1, 0, 5, 5.38),
(3901, 12, 3, 4, NULL, 1, 1, 0, 5, 5.71),
(3902, 12, 4, 4, NULL, 1, 1, 0, 5, 5.71),
(3903, 12, 5, 4, NULL, 1, 1, 0, 5, 5.71),
(3904, 12, 6, 4, NULL, 1, 1, 0, 5, 5.71),
(3905, 12, 7, 4, NULL, 1, 1, 0, 5, 5.71),
(3906, 12, 8, 4, NULL, 1, 1, 0, 5, 5.71),
(3907, 12, 9, 4, NULL, 1, 1, 0, 5, 5.71),
(3908, 12, 10, 4, NULL, 1, 1, 0, 5, 5.71),
(3909, 12, 11, 4, NULL, 1, 1, 0, 5, 5.71),
(3910, 12, 12, 4, NULL, 1, 1, 0, 5, 5.71),
(3911, 12, 13, 4, NULL, 1, 1, 0, 5, 5.71),
(3912, 12, 3, 5, NULL, 1, 1, 0, 5, 8.69),
(3913, 12, 4, 5, NULL, 1, 1, 0, 5, 8.69),
(3914, 12, 5, 5, NULL, 1, 1, 0, 5, 8.69),
(3915, 12, 6, 5, NULL, 1, 1, 0, 5, 8.69),
(3916, 12, 7, 5, NULL, 1, 1, 0, 5, 8.69),
(3917, 12, 8, 5, NULL, 1, 1, 0, 5, 8.69),
(3918, 12, 9, 5, NULL, 1, 1, 0, 5, 8.69),
(3919, 12, 10, 5, NULL, 1, 1, 0, 5, 8.69),
(3920, 12, 11, 5, NULL, 1, 1, 0, 5, 8.69),
(3921, 12, 12, 5, NULL, 1, 1, 0, 5, 8.69),
(3922, 12, 13, 5, NULL, 1, 1, 0, 5, 8.69),
(3923, 12, 3, 6, NULL, 1, 1, 0, 0, 0),
(3924, 12, 4, 6, NULL, 1, 1, 0, 0, 0),
(3925, 12, 5, 6, NULL, 1, 1, 0, 0, 0),
(3926, 12, 6, 6, NULL, 1, 1, 0, 0, 0),
(3927, 12, 7, 6, NULL, 1, 1, 0, 0, 0),
(3928, 12, 8, 6, NULL, 1, 1, 0, 0, 0),
(3929, 12, 9, 6, NULL, 1, 1, 0, 0, 0),
(3930, 12, 10, 6, NULL, 1, 1, 0, 0, 0),
(3931, 12, 11, 6, NULL, 1, 1, 0, 0, 0),
(3932, 12, 12, 6, NULL, 1, 1, 0, 0, 0),
(3933, 12, 13, 6, NULL, 1, 1, 0, 0, 0),
(3934, 12, 3, 7, NULL, 1, 1, 0, 0, 0),
(3935, 12, 4, 7, NULL, 1, 1, 0, 0, 0),
(3936, 12, 5, 7, NULL, 1, 1, 0, 0, 0),
(3937, 12, 6, 7, NULL, 1, 1, 0, 0, 0),
(3938, 12, 7, 7, NULL, 1, 1, 0, 0, 0),
(3939, 12, 8, 7, NULL, 1, 1, 0, 0, 0),
(3940, 12, 9, 7, NULL, 1, 1, 0, 0, 0),
(3941, 12, 10, 7, NULL, 1, 1, 0, 0, 0),
(3942, 12, 11, 7, NULL, 1, 1, 0, 0, 0),
(3943, 12, 12, 7, NULL, 1, 1, 0, 0, 0),
(3944, 12, 13, 7, NULL, 1, 1, 0, 0, 0),
(3945, 13, 3, 1, NULL, 1, 1, 0, 5, 4.62),
(3946, 13, 4, 1, NULL, 1, 1, 0, 5, 4.62),
(3947, 13, 5, 1, NULL, 1, 1, 0, 5, 4.62),
(3948, 13, 6, 1, NULL, 1, 1, 0, 5, 4.62),
(3949, 13, 7, 1, NULL, 1, 1, 0, 5, 4.62),
(3950, 13, 8, 1, NULL, 1, 1, 0, 5, 4.62),
(3951, 13, 9, 1, NULL, 1, 1, 0, 5, 4.62),
(3952, 13, 10, 1, NULL, 1, 1, 0, 5, 4.62),
(3953, 13, 11, 1, NULL, 1, 1, 0, 5, 4.62),
(3954, 13, 12, 1, NULL, 1, 1, 0, 5, 4.62),
(3955, 13, 13, 1, NULL, 1, 1, 0, 5, 4.62),
(3956, 13, 3, 2, NULL, 1, 1, 0, 5, 6.06),
(3957, 13, 4, 2, NULL, 1, 1, 0, 5, 6.06),
(3958, 13, 5, 2, NULL, 1, 1, 0, 5, 6.06),
(3959, 13, 6, 2, NULL, 1, 1, 0, 5, 6.06),
(3960, 13, 7, 2, NULL, 1, 1, 0, 5, 6.06),
(3961, 13, 8, 2, NULL, 1, 1, 0, 5, 6.06),
(3962, 13, 9, 2, NULL, 1, 1, 0, 5, 6.06),
(3963, 13, 10, 2, NULL, 1, 1, 0, 5, 6.06),
(3964, 13, 11, 2, NULL, 1, 1, 0, 5, 6.06),
(3965, 13, 12, 2, NULL, 1, 1, 0, 5, 6.06),
(3966, 13, 13, 2, NULL, 1, 1, 0, 5, 6.06),
(3967, 13, 3, 3, NULL, 1, 1, 0, 5, 4.08),
(3968, 13, 4, 3, NULL, 1, 1, 0, 5, 4.08),
(3969, 13, 5, 3, NULL, 1, 1, 0, 5, 4.08),
(3970, 13, 6, 3, NULL, 1, 1, 0, 5, 4.08),
(3971, 13, 7, 3, NULL, 1, 1, 0, 5, 4.08),
(3972, 13, 8, 3, NULL, 1, 1, 0, 5, 4.08),
(3973, 13, 9, 3, NULL, 1, 1, 0, 5, 4.08),
(3974, 13, 10, 3, NULL, 1, 1, 0, 5, 4.08),
(3975, 13, 11, 3, NULL, 1, 1, 0, 5, 4.08),
(3976, 13, 12, 3, NULL, 1, 1, 0, 5, 4.08),
(3977, 13, 13, 3, NULL, 1, 1, 0, 5, 4.08),
(3978, 13, 3, 4, NULL, 1, 1, 0, 5, 4.87),
(3979, 13, 4, 4, NULL, 1, 1, 0, 5, 4.87),
(3980, 13, 5, 4, NULL, 1, 1, 0, 5, 4.87),
(3981, 13, 6, 4, NULL, 1, 1, 0, 5, 4.87),
(3982, 13, 7, 4, NULL, 1, 1, 0, 5, 4.87),
(3983, 13, 8, 4, NULL, 1, 1, 0, 5, 4.87),
(3984, 13, 9, 4, NULL, 1, 1, 0, 5, 4.87),
(3985, 13, 10, 4, NULL, 1, 1, 0, 5, 4.87),
(3986, 13, 11, 4, NULL, 1, 1, 0, 5, 4.87),
(3987, 13, 12, 4, NULL, 1, 1, 0, 5, 4.87),
(3988, 13, 13, 4, NULL, 1, 1, 0, 5, 4.87),
(3989, 13, 3, 5, NULL, 1, 1, 0, 5, 9.26),
(3990, 13, 4, 5, NULL, 1, 1, 0, 5, 9.26),
(3991, 13, 5, 5, NULL, 1, 1, 0, 5, 9.26),
(3992, 13, 6, 5, NULL, 1, 1, 0, 5, 9.26),
(3993, 13, 7, 5, NULL, 1, 1, 0, 5, 9.26),
(3994, 13, 8, 5, NULL, 1, 1, 0, 5, 9.26),
(3995, 13, 9, 5, NULL, 1, 1, 0, 5, 9.26),
(3996, 13, 10, 5, NULL, 1, 1, 0, 5, 9.26),
(3997, 13, 11, 5, NULL, 1, 1, 0, 5, 9.26),
(3998, 13, 12, 5, NULL, 1, 1, 0, 5, 9.26),
(3999, 13, 13, 5, NULL, 1, 1, 0, 5, 9.26),
(4000, 13, 3, 6, NULL, 1, 1, 0, 0, 0),
(4001, 13, 4, 6, NULL, 1, 1, 0, 0, 0),
(4002, 13, 5, 6, NULL, 1, 1, 0, 0, 0),
(4003, 13, 6, 6, NULL, 1, 1, 0, 0, 0),
(4004, 13, 7, 6, NULL, 1, 1, 0, 0, 0),
(4005, 13, 8, 6, NULL, 1, 1, 0, 0, 0),
(4006, 13, 9, 6, NULL, 1, 1, 0, 0, 0),
(4007, 13, 10, 6, NULL, 1, 1, 0, 0, 0),
(4008, 13, 11, 6, NULL, 1, 1, 0, 0, 0),
(4009, 13, 12, 6, NULL, 1, 1, 0, 0, 0),
(4010, 13, 13, 6, NULL, 1, 1, 0, 0, 0),
(4011, 13, 3, 7, NULL, 1, 1, 0, 0, 0),
(4012, 13, 4, 7, NULL, 1, 1, 0, 0, 0),
(4013, 13, 5, 7, NULL, 1, 1, 0, 0, 0),
(4014, 13, 6, 7, NULL, 1, 1, 0, 0, 0),
(4015, 13, 7, 7, NULL, 1, 1, 0, 0, 0),
(4016, 13, 8, 7, NULL, 1, 1, 0, 0, 0),
(4017, 13, 9, 7, NULL, 1, 1, 0, 0, 0),
(4018, 13, 10, 7, NULL, 1, 1, 0, 0, 0),
(4019, 13, 11, 7, NULL, 1, 1, 0, 0, 0),
(4020, 13, 12, 7, NULL, 1, 1, 0, 0, 0),
(4021, 13, 13, 7, NULL, 1, 1, 0, 0, 0),
(4022, 14, 3, 1, NULL, 1, 1, 0, 5, 6.04),
(4023, 14, 4, 1, NULL, 1, 1, 0, 5, 6.04),
(4024, 14, 5, 1, NULL, 1, 1, 0, 5, 6.04),
(4025, 14, 6, 1, NULL, 1, 1, 0, 5, 6.04),
(4026, 14, 7, 1, NULL, 1, 1, 0, 5, 6.04),
(4027, 14, 8, 1, NULL, 1, 1, 0, 5, 6.04),
(4028, 14, 9, 1, NULL, 1, 1, 0, 5, 6.04),
(4029, 14, 10, 1, NULL, 1, 1, 0, 5, 6.04),
(4030, 14, 11, 1, NULL, 1, 1, 0, 5, 6.04),
(4031, 14, 12, 1, NULL, 1, 1, 0, 5, 6.04),
(4032, 14, 13, 1, NULL, 1, 1, 0, 5, 6.04),
(4033, 14, 3, 2, NULL, 1, 1, 0, 10, 8.61),
(4034, 14, 4, 2, NULL, 1, 1, 0, 10, 8.61),
(4035, 14, 5, 2, NULL, 1, 1, 0, 10, 8.61),
(4036, 14, 6, 2, NULL, 1, 1, 0, 10, 8.61),
(4037, 14, 7, 2, NULL, 1, 1, 0, 10, 8.61),
(4038, 14, 8, 2, NULL, 1, 1, 0, 10, 8.61),
(4039, 14, 9, 2, NULL, 1, 1, 0, 10, 8.61),
(4040, 14, 10, 2, NULL, 1, 1, 0, 10, 8.61),
(4041, 14, 11, 2, NULL, 1, 1, 0, 10, 8.61),
(4042, 14, 12, 2, NULL, 1, 1, 0, 10, 8.61),
(4043, 14, 13, 2, NULL, 1, 1, 0, 10, 8.61),
(4044, 14, 3, 3, NULL, 1, 1, 0, 10, 8.28),
(4045, 14, 4, 3, NULL, 1, 1, 0, 10, 8.28),
(4046, 14, 5, 3, NULL, 1, 1, 0, 10, 8.28),
(4047, 14, 6, 3, NULL, 1, 1, 0, 10, 8.28),
(4048, 14, 7, 3, NULL, 1, 1, 0, 10, 8.28),
(4049, 14, 8, 3, NULL, 1, 1, 0, 10, 8.28),
(4050, 14, 9, 3, NULL, 1, 1, 0, 10, 8.28),
(4051, 14, 10, 3, NULL, 1, 1, 0, 10, 8.28),
(4052, 14, 11, 3, NULL, 1, 1, 0, 10, 8.28),
(4053, 14, 12, 3, NULL, 1, 1, 0, 10, 8.28),
(4054, 14, 13, 3, NULL, 1, 1, 0, 10, 8.28),
(4055, 14, 3, 4, NULL, 1, 1, 0, 10, 9.78),
(4056, 14, 4, 4, NULL, 1, 1, 0, 10, 9.78),
(4057, 14, 5, 4, NULL, 1, 1, 0, 10, 9.78),
(4058, 14, 6, 4, NULL, 1, 1, 0, 10, 9.78),
(4059, 14, 7, 4, NULL, 1, 1, 0, 10, 9.78),
(4060, 14, 8, 4, NULL, 1, 1, 0, 10, 9.78),
(4061, 14, 9, 4, NULL, 1, 1, 0, 10, 9.78),
(4062, 14, 10, 4, NULL, 1, 1, 0, 10, 9.78),
(4063, 14, 11, 4, NULL, 1, 1, 0, 10, 9.78),
(4064, 14, 12, 4, NULL, 1, 1, 0, 10, 9.78),
(4065, 14, 13, 4, NULL, 1, 1, 0, 10, 9.78),
(4066, 14, 3, 5, NULL, 1, 1, 0, 10, 11.95),
(4067, 14, 4, 5, NULL, 1, 1, 0, 10, 11.95),
(4068, 14, 5, 5, NULL, 1, 1, 0, 10, 11.95),
(4069, 14, 6, 5, NULL, 1, 1, 0, 10, 11.95),
(4070, 14, 7, 5, NULL, 1, 1, 0, 10, 11.95),
(4071, 14, 8, 5, NULL, 1, 1, 0, 10, 11.95),
(4072, 14, 9, 5, NULL, 1, 1, 0, 10, 11.95),
(4073, 14, 10, 5, NULL, 1, 1, 0, 10, 11.95),
(4074, 14, 11, 5, NULL, 1, 1, 0, 10, 11.95),
(4075, 14, 12, 5, NULL, 1, 1, 0, 10, 11.95),
(4076, 14, 13, 5, NULL, 1, 1, 0, 10, 11.95),
(4077, 14, 3, 6, NULL, 1, 1, 0, 0, 0),
(4078, 14, 4, 6, NULL, 1, 1, 0, 0, 0),
(4079, 14, 5, 6, NULL, 1, 1, 0, 0, 0),
(4080, 14, 6, 6, NULL, 1, 1, 0, 0, 0),
(4081, 14, 7, 6, NULL, 1, 1, 0, 0, 0),
(4082, 14, 8, 6, NULL, 1, 1, 0, 0, 0),
(4083, 14, 9, 6, NULL, 1, 1, 0, 0, 0),
(4084, 14, 10, 6, NULL, 1, 1, 0, 0, 0),
(4085, 14, 11, 6, NULL, 1, 1, 0, 0, 0),
(4086, 14, 12, 6, NULL, 1, 1, 0, 0, 0),
(4087, 14, 13, 6, NULL, 1, 1, 0, 0, 0),
(4088, 14, 3, 7, NULL, 1, 1, 0, 0, 0),
(4089, 14, 4, 7, NULL, 1, 1, 0, 0, 0),
(4090, 14, 5, 7, NULL, 1, 1, 0, 0, 0),
(4091, 14, 6, 7, NULL, 1, 1, 0, 0, 0),
(4092, 14, 7, 7, NULL, 1, 1, 0, 0, 0),
(4093, 14, 8, 7, NULL, 1, 1, 0, 0, 0),
(4094, 14, 9, 7, NULL, 1, 1, 0, 0, 0),
(4095, 14, 10, 7, NULL, 1, 1, 0, 0, 0),
(4096, 14, 11, 7, NULL, 1, 1, 0, 0, 0),
(4097, 14, 12, 7, NULL, 1, 1, 0, 0, 0),
(4098, 14, 13, 7, NULL, 1, 1, 0, 0, 0),
(4099, 3, 3, 1, NULL, 2, 1, 0, 0, 0),
(4100, 3, 4, 1, NULL, 2, 1, 0, 5, 4.63),
(4101, 3, 5, 1, NULL, 2, 1, 0, 5, 4.63),
(4102, 3, 6, 1, NULL, 2, 1, 0, 5, 4.63),
(4103, 3, 7, 1, NULL, 2, 1, 0, 5, 4.63),
(4104, 3, 8, 1, NULL, 2, 1, 0, 5, 4.63),
(4105, 3, 9, 1, NULL, 2, 1, 0, 5, 4.63),
(4106, 3, 10, 1, NULL, 2, 1, 0, 5, 4.63),
(4107, 3, 11, 1, NULL, 2, 1, 0, 5, 4.63),
(4108, 3, 12, 1, NULL, 2, 1, 0, 5, 4.63),
(4109, 3, 13, 1, NULL, 2, 1, 0, 5, 4.63),
(4110, 3, 3, 2, NULL, 2, 1, 0, 5, 7.19),
(4111, 3, 4, 2, NULL, 2, 1, 0, 5, 7.19),
(4112, 3, 5, 2, NULL, 2, 1, 0, 5, 7.19),
(4113, 3, 6, 2, NULL, 2, 1, 0, 5, 7.19),
(4114, 3, 7, 2, NULL, 2, 1, 0, 5, 7.19),
(4115, 3, 8, 2, NULL, 2, 1, 0, 5, 7.19),
(4116, 3, 9, 2, NULL, 2, 1, 0, 5, 7.19),
(4117, 3, 10, 2, NULL, 2, 1, 0, 5, 7.19),
(4118, 3, 11, 2, NULL, 2, 1, 0, 5, 7.19),
(4119, 3, 12, 2, NULL, 2, 1, 0, 5, 7.19),
(4120, 3, 13, 2, NULL, 2, 1, 0, 5, 7.19),
(4121, 3, 3, 3, NULL, 2, 1, 0, 5, 5.94),
(4122, 3, 4, 3, NULL, 2, 1, 0, 5, 5.94),
(4123, 3, 5, 3, NULL, 2, 1, 0, 5, 5.94),
(4124, 3, 6, 3, NULL, 2, 1, 0, 5, 5.94),
(4125, 3, 7, 3, NULL, 2, 1, 0, 5, 5.94),
(4126, 3, 8, 3, NULL, 2, 1, 0, 5, 5.94),
(4127, 3, 9, 3, NULL, 2, 1, 0, 5, 5.94),
(4128, 3, 10, 3, NULL, 2, 1, 0, 5, 5.94),
(4129, 3, 11, 3, NULL, 2, 1, 0, 5, 5.94),
(4130, 3, 12, 3, NULL, 2, 1, 0, 5, 5.94),
(4131, 3, 13, 3, NULL, 2, 1, 0, 5, 5.94),
(4132, 3, 3, 4, NULL, 2, 1, 0, 10, 6.98),
(4133, 3, 4, 4, NULL, 2, 1, 0, 10, 6.98),
(4134, 3, 5, 4, NULL, 2, 1, 0, 10, 6.98),
(4135, 3, 6, 4, NULL, 2, 1, 0, 10, 6.98),
(4136, 3, 7, 4, NULL, 2, 1, 0, 10, 6.98),
(4137, 3, 8, 4, NULL, 2, 1, 0, 10, 6.98),
(4138, 3, 9, 4, NULL, 2, 1, 0, 10, 6.98),
(4139, 3, 10, 4, NULL, 2, 1, 0, 10, 6.98),
(4140, 3, 11, 4, NULL, 2, 1, 0, 10, 6.98),
(4141, 3, 12, 4, NULL, 2, 1, 0, 10, 6.98),
(4142, 3, 13, 4, NULL, 2, 1, 0, 10, 6.98),
(4143, 3, 3, 5, NULL, 2, 1, 0, 5, 10.91),
(4144, 3, 4, 5, NULL, 2, 1, 0, 5, 10.91),
(4145, 3, 5, 5, NULL, 2, 1, 0, 5, 10.91),
(4146, 3, 6, 5, NULL, 2, 1, 0, 5, 10.91),
(4147, 3, 7, 5, NULL, 2, 1, 0, 5, 10.91),
(4148, 3, 8, 5, NULL, 2, 1, 0, 5, 10.91),
(4149, 3, 9, 5, NULL, 2, 1, 0, 5, 10.91),
(4150, 3, 10, 5, NULL, 2, 1, 0, 5, 10.91),
(4151, 3, 11, 5, NULL, 2, 1, 0, 5, 10.91),
(4152, 3, 12, 5, NULL, 2, 1, 0, 5, 10.91),
(4153, 3, 13, 5, NULL, 2, 1, 0, 5, 10.91),
(4154, 3, 3, 6, NULL, 2, 1, 0, 5, 10.43),
(4155, 3, 4, 6, NULL, 2, 1, 0, 5, 10.43),
(4156, 3, 5, 6, NULL, 2, 1, 0, 5, 10.43),
(4157, 3, 6, 6, NULL, 2, 1, 0, 5, 10.43),
(4158, 3, 7, 6, NULL, 2, 1, 0, 5, 10.43),
(4159, 3, 8, 6, NULL, 2, 1, 0, 5, 10.43),
(4160, 3, 9, 6, NULL, 2, 1, 0, 5, 10.43),
(4161, 3, 10, 6, NULL, 2, 1, 0, 5, 10.43),
(4162, 3, 11, 6, NULL, 2, 1, 0, 5, 10.43),
(4163, 3, 12, 6, NULL, 2, 1, 0, 5, 10.43),
(4164, 3, 13, 6, NULL, 2, 1, 0, 5, 10.43),
(4165, 3, 3, 7, NULL, 2, 1, 0, 20, 4.54),
(4166, 3, 4, 7, NULL, 2, 1, 0, 20, 4.54),
(4167, 3, 5, 7, NULL, 2, 1, 0, 20, 4.54),
(4168, 3, 6, 7, NULL, 2, 1, 0, 20, 4.54),
(4169, 3, 7, 7, NULL, 2, 1, 0, 20, 4.54),
(4170, 3, 8, 7, NULL, 2, 1, 0, 20, 4.54),
(4171, 3, 9, 7, NULL, 2, 1, 0, 20, 4.54),
(4172, 3, 10, 7, NULL, 2, 1, 0, 20, 4.54),
(4173, 3, 11, 7, NULL, 2, 1, 0, 20, 4.54),
(4174, 3, 12, 7, NULL, 2, 1, 0, 20, 4.54),
(4175, 3, 13, 7, NULL, 2, 1, 0, 20, 4.54),
(4176, 4, 3, 1, NULL, 2, 1, 0, 5, 1.61),
(4177, 4, 4, 1, NULL, 2, 1, 0, 5, 1.61),
(4178, 4, 5, 1, NULL, 2, 1, 0, 5, 1.61),
(4179, 4, 6, 1, NULL, 2, 1, 0, 5, 1.61),
(4180, 4, 7, 1, NULL, 2, 1, 0, 5, 1.61),
(4181, 4, 8, 1, NULL, 2, 1, 0, 5, 1.61),
(4182, 4, 9, 1, NULL, 2, 1, 0, 5, 1.61),
(4183, 4, 10, 1, NULL, 2, 1, 0, 5, 1.61),
(4184, 4, 11, 1, NULL, 2, 1, 0, 5, 1.61),
(4185, 4, 12, 1, NULL, 2, 1, 0, 5, 1.61),
(4186, 4, 13, 1, NULL, 2, 1, 0, 5, 1.61),
(4187, 4, 3, 2, NULL, 2, 1, 0, 5, 1.66),
(4188, 4, 4, 2, NULL, 2, 1, 0, 5, 1.66),
(4189, 4, 5, 2, NULL, 2, 1, 0, 5, 1.66),
(4190, 4, 6, 2, NULL, 2, 1, 0, 5, 1.66),
(4191, 4, 7, 2, NULL, 2, 1, 0, 5, 1.66),
(4192, 4, 8, 2, NULL, 2, 1, 0, 5, 1.66),
(4193, 4, 9, 2, NULL, 2, 1, 0, 5, 1.66),
(4194, 4, 10, 2, NULL, 2, 1, 0, 5, 1.66),
(4195, 4, 11, 2, NULL, 2, 1, 0, 5, 1.66),
(4196, 4, 12, 2, NULL, 2, 1, 0, 5, 1.66),
(4197, 4, 13, 2, NULL, 2, 1, 0, 5, 1.66),
(4198, 4, 3, 3, NULL, 2, 1, 0, 5, 2.07),
(4199, 4, 4, 3, NULL, 2, 1, 0, 5, 2.07),
(4200, 4, 5, 3, NULL, 2, 1, 0, 5, 2.07),
(4201, 4, 6, 3, NULL, 2, 1, 0, 5, 2.07),
(4202, 4, 7, 3, NULL, 2, 1, 0, 5, 2.07),
(4203, 4, 8, 3, NULL, 2, 1, 0, 5, 2.07),
(4204, 4, 9, 3, NULL, 2, 1, 0, 5, 2.07),
(4205, 4, 10, 3, NULL, 2, 1, 0, 5, 2.07),
(4206, 4, 11, 3, NULL, 2, 1, 0, 5, 2.07),
(4207, 4, 12, 3, NULL, 2, 1, 0, 5, 2.07),
(4208, 4, 13, 3, NULL, 2, 1, 0, 5, 2.07),
(4209, 4, 3, 4, NULL, 2, 1, 0, 5, 1.91),
(4210, 4, 4, 4, NULL, 2, 1, 0, 5, 1.91),
(4211, 4, 5, 4, NULL, 2, 1, 0, 5, 1.91),
(4212, 4, 6, 4, NULL, 2, 1, 0, 5, 1.91),
(4213, 4, 7, 4, NULL, 2, 1, 0, 5, 1.91),
(4214, 4, 8, 4, NULL, 2, 1, 0, 5, 1.91),
(4215, 4, 9, 4, NULL, 2, 1, 0, 5, 1.91),
(4216, 4, 10, 4, NULL, 2, 1, 0, 5, 1.91),
(4217, 4, 11, 4, NULL, 2, 1, 0, 5, 1.91),
(4218, 4, 12, 4, NULL, 2, 1, 0, 5, 1.91),
(4219, 4, 13, 4, NULL, 2, 1, 0, 5, 1.91),
(4220, 4, 3, 5, NULL, 2, 1, 0, 5, 3.42),
(4221, 4, 4, 5, NULL, 2, 1, 0, 5, 3.42),
(4222, 4, 5, 5, NULL, 2, 1, 0, 5, 3.42),
(4223, 4, 6, 5, NULL, 2, 1, 0, 5, 3.42),
(4224, 4, 7, 5, NULL, 2, 1, 0, 5, 3.42),
(4225, 4, 8, 5, NULL, 2, 1, 0, 5, 3.42),
(4226, 4, 9, 5, NULL, 2, 1, 0, 5, 3.42),
(4227, 4, 10, 5, NULL, 2, 1, 0, 5, 3.42),
(4228, 4, 11, 5, NULL, 2, 1, 0, 5, 3.42),
(4229, 4, 12, 5, NULL, 2, 1, 0, 5, 3.42),
(4230, 4, 13, 5, NULL, 2, 1, 0, 5, 3.42),
(4231, 4, 3, 6, NULL, 2, 1, 0, 5, 2.92),
(4232, 4, 4, 6, NULL, 2, 1, 0, 5, 2.92),
(4233, 4, 5, 6, NULL, 2, 1, 0, 5, 2.92),
(4234, 4, 6, 6, NULL, 2, 1, 0, 5, 2.92),
(4235, 4, 7, 6, NULL, 2, 1, 0, 5, 2.92),
(4236, 4, 8, 6, NULL, 2, 1, 0, 5, 2.92),
(4237, 4, 9, 6, NULL, 2, 1, 0, 5, 2.92),
(4238, 4, 10, 6, NULL, 2, 1, 0, 5, 2.92),
(4239, 4, 11, 6, NULL, 2, 1, 0, 5, 2.92),
(4240, 4, 12, 6, NULL, 2, 1, 0, 5, 2.92),
(4241, 4, 13, 6, NULL, 2, 1, 0, 5, 2.92),
(4242, 4, 3, 7, NULL, 2, 1, 0, 5, 1.97),
(4243, 4, 4, 7, NULL, 2, 1, 0, 5, 1.97),
(4244, 4, 5, 7, NULL, 2, 1, 0, 5, 1.97),
(4245, 4, 6, 7, NULL, 2, 1, 0, 5, 1.97),
(4246, 4, 7, 7, NULL, 2, 1, 0, 5, 1.97),
(4247, 4, 8, 7, NULL, 2, 1, 0, 5, 1.97),
(4248, 4, 9, 7, NULL, 2, 1, 0, 5, 1.97),
(4249, 4, 10, 7, NULL, 2, 1, 0, 5, 1.97),
(4250, 4, 11, 7, NULL, 2, 1, 0, 5, 1.97),
(4251, 4, 12, 7, NULL, 2, 1, 0, 5, 1.97),
(4252, 4, 13, 7, NULL, 2, 1, 0, 5, 1.97),
(4253, 5, 3, 1, NULL, 2, 1, 0, 5, 6.95),
(4254, 5, 4, 1, NULL, 2, 1, 0, 5, 6.95),
(4255, 5, 5, 1, NULL, 2, 1, 0, 5, 6.95),
(4256, 5, 6, 1, NULL, 2, 1, 0, 5, 6.95),
(4257, 5, 7, 1, NULL, 2, 1, 0, 5, 6.95),
(4258, 5, 8, 1, NULL, 2, 1, 0, 5, 6.95),
(4259, 5, 9, 1, NULL, 2, 1, 0, 5, 6.95),
(4260, 5, 10, 1, NULL, 2, 1, 0, 5, 6.95),
(4261, 5, 11, 1, NULL, 2, 1, 0, 5, 6.95),
(4262, 5, 12, 1, NULL, 2, 1, 0, 5, 6.95),
(4263, 5, 13, 1, NULL, 2, 1, 0, 5, 6.95),
(4264, 5, 3, 2, NULL, 2, 1, 0, 10, 7.09),
(4265, 5, 4, 2, NULL, 2, 1, 0, 10, 7.09),
(4266, 5, 5, 2, NULL, 2, 1, 0, 10, 7.09),
(4267, 5, 6, 2, NULL, 2, 1, 0, 10, 7.09),
(4268, 5, 7, 2, NULL, 2, 1, 0, 10, 7.09),
(4269, 5, 8, 2, NULL, 2, 1, 0, 10, 7.09),
(4270, 5, 9, 2, NULL, 2, 1, 0, 10, 7.09),
(4271, 5, 10, 2, NULL, 2, 1, 0, 10, 7.09),
(4272, 5, 11, 2, NULL, 2, 1, 0, 10, 7.09),
(4273, 5, 12, 2, NULL, 2, 1, 0, 10, 7.09),
(4274, 5, 13, 2, NULL, 2, 1, 0, 10, 7.09),
(4275, 5, 3, 3, NULL, 2, 1, 0, 5, 9.08),
(4276, 5, 4, 3, NULL, 2, 1, 0, 5, 9.08),
(4277, 5, 5, 3, NULL, 2, 1, 0, 5, 9.08),
(4278, 5, 6, 3, NULL, 2, 1, 0, 5, 9.08),
(4279, 5, 7, 3, NULL, 2, 1, 0, 5, 9.08),
(4280, 5, 8, 3, NULL, 2, 1, 0, 5, 9.08),
(4281, 5, 9, 3, NULL, 2, 1, 0, 5, 9.08),
(4282, 5, 10, 3, NULL, 2, 1, 0, 5, 9.08),
(4283, 5, 11, 3, NULL, 2, 1, 0, 5, 9.08),
(4284, 5, 12, 3, NULL, 2, 1, 0, 5, 9.08),
(4285, 5, 13, 3, NULL, 2, 1, 0, 5, 9.08),
(4286, 5, 3, 4, NULL, 2, 1, 0, 5, 8.5),
(4287, 5, 4, 4, NULL, 2, 1, 0, 5, 8.5),
(4288, 5, 5, 4, NULL, 2, 1, 0, 5, 8.5),
(4289, 5, 6, 4, NULL, 2, 1, 0, 5, 8.5),
(4290, 5, 7, 4, NULL, 2, 1, 0, 5, 8.5),
(4291, 5, 8, 4, NULL, 2, 1, 0, 5, 8.5),
(4292, 5, 9, 4, NULL, 2, 1, 0, 5, 8.5),
(4293, 5, 10, 4, NULL, 2, 1, 0, 5, 8.5),
(4294, 5, 11, 4, NULL, 2, 1, 0, 5, 8.5),
(4295, 5, 12, 4, NULL, 2, 1, 0, 5, 8.5),
(4296, 5, 13, 4, NULL, 2, 1, 0, 5, 8.5),
(4297, 5, 3, 5, NULL, 2, 1, 0, 5, 21.16),
(4298, 5, 4, 5, NULL, 2, 1, 0, 5, 21.16),
(4299, 5, 5, 5, NULL, 2, 1, 0, 5, 21.16),
(4300, 5, 6, 5, NULL, 2, 1, 0, 5, 21.16),
(4301, 5, 7, 5, NULL, 2, 1, 0, 5, 21.16),
(4302, 5, 8, 5, NULL, 2, 1, 0, 5, 21.16),
(4303, 5, 9, 5, NULL, 2, 1, 0, 5, 21.16),
(4304, 5, 10, 5, NULL, 2, 1, 0, 5, 21.16),
(4305, 5, 11, 5, NULL, 2, 1, 0, 5, 21.16),
(4306, 5, 12, 5, NULL, 2, 1, 0, 5, 21.16),
(4307, 5, 13, 5, NULL, 2, 1, 0, 5, 21.16),
(4308, 5, 3, 6, NULL, 2, 1, 0, 5, 14.55),
(4309, 5, 4, 6, NULL, 2, 1, 0, 5, 14.55),
(4310, 5, 5, 6, NULL, 2, 1, 0, 5, 14.55),
(4311, 5, 6, 6, NULL, 2, 1, 0, 5, 14.55),
(4312, 5, 7, 6, NULL, 2, 1, 0, 5, 14.55),
(4313, 5, 8, 6, NULL, 2, 1, 0, 5, 14.55),
(4314, 5, 9, 6, NULL, 2, 1, 0, 5, 14.55),
(4315, 5, 10, 6, NULL, 2, 1, 0, 5, 14.55),
(4316, 5, 11, 6, NULL, 2, 1, 0, 5, 14.55),
(4317, 5, 12, 6, NULL, 2, 1, 0, 5, 14.55),
(4318, 5, 13, 6, NULL, 2, 1, 0, 5, 14.55),
(4319, 5, 3, 7, NULL, 2, 1, 0, 5, 12.4),
(4320, 5, 4, 7, NULL, 2, 1, 0, 5, 12.4),
(4321, 5, 5, 7, NULL, 2, 1, 0, 5, 12.4),
(4322, 5, 6, 7, NULL, 2, 1, 0, 5, 12.4),
(4323, 5, 7, 7, NULL, 2, 1, 0, 5, 12.4),
(4324, 5, 8, 7, NULL, 2, 1, 0, 5, 12.4),
(4325, 5, 9, 7, NULL, 2, 1, 0, 5, 12.4),
(4326, 5, 10, 7, NULL, 2, 1, 0, 5, 12.4),
(4327, 5, 11, 7, NULL, 2, 1, 0, 5, 12.4),
(4328, 5, 12, 7, NULL, 2, 1, 0, 5, 12.4),
(4329, 5, 13, 7, NULL, 2, 1, 0, 5, 12.4),
(4330, 6, 3, 1, NULL, 2, 1, 0, 5, 3.72),
(4331, 6, 4, 1, NULL, 2, 1, 0, 5, 3.72),
(4332, 6, 5, 1, NULL, 2, 1, 0, 5, 3.72),
(4333, 6, 6, 1, NULL, 2, 1, 0, 5, 3.72),
(4334, 6, 7, 1, NULL, 2, 1, 0, 5, 3.72),
(4335, 6, 8, 1, NULL, 2, 1, 0, 5, 3.72),
(4336, 6, 9, 1, NULL, 2, 1, 0, 5, 3.72),
(4337, 6, 10, 1, NULL, 2, 1, 0, 5, 3.72),
(4338, 6, 11, 1, NULL, 2, 1, 0, 5, 3.72),
(4339, 6, 12, 1, NULL, 2, 1, 0, 5, 3.72),
(4340, 6, 13, 1, NULL, 2, 1, 0, 5, 3.72),
(4341, 6, 3, 2, NULL, 2, 1, 0, 5, 3.22),
(4342, 6, 4, 2, NULL, 2, 1, 0, 5, 3.22),
(4343, 6, 5, 2, NULL, 2, 1, 0, 5, 3.22),
(4344, 6, 6, 2, NULL, 2, 1, 0, 5, 3.22),
(4345, 6, 7, 2, NULL, 2, 1, 0, 5, 3.22),
(4346, 6, 8, 2, NULL, 2, 1, 0, 5, 3.22),
(4347, 6, 9, 2, NULL, 2, 1, 0, 5, 3.22),
(4348, 6, 10, 2, NULL, 2, 1, 0, 5, 3.22),
(4349, 6, 11, 2, NULL, 2, 1, 0, 5, 3.22),
(4350, 6, 12, 2, NULL, 2, 1, 0, 5, 3.22),
(4351, 6, 13, 2, NULL, 2, 1, 0, 5, 3.22),
(4352, 6, 3, 3, NULL, 2, 1, 0, 5, 4.15),
(4353, 6, 4, 3, NULL, 2, 1, 0, 5, 4.15),
(4354, 6, 5, 3, NULL, 2, 1, 0, 5, 4.15),
(4355, 6, 6, 3, NULL, 2, 1, 0, 5, 4.15),
(4356, 6, 7, 3, NULL, 2, 1, 0, 5, 4.15),
(4357, 6, 8, 3, NULL, 2, 1, 0, 5, 4.15),
(4358, 6, 9, 3, NULL, 2, 1, 0, 5, 4.15),
(4359, 6, 10, 3, NULL, 2, 1, 0, 5, 4.15),
(4360, 6, 11, 3, NULL, 2, 1, 0, 5, 4.15),
(4361, 6, 12, 3, NULL, 2, 1, 0, 5, 4.15),
(4362, 6, 13, 3, NULL, 2, 1, 0, 5, 4.15),
(4363, 6, 3, 4, NULL, 2, 1, 0, 5, 0),
(4364, 6, 4, 4, NULL, 2, 1, 0, 5, 0),
(4365, 6, 5, 4, NULL, 2, 1, 0, 5, 0),
(4366, 6, 6, 4, NULL, 2, 1, 0, 5, 0),
(4367, 6, 7, 4, NULL, 2, 1, 0, 5, 0),
(4368, 6, 8, 4, NULL, 2, 1, 0, 5, 0),
(4369, 6, 9, 4, NULL, 2, 1, 0, 5, 0),
(4370, 6, 10, 4, NULL, 2, 1, 0, 5, 0),
(4371, 6, 11, 4, NULL, 2, 1, 0, 5, 0),
(4372, 6, 12, 4, NULL, 2, 1, 0, 5, 0),
(4373, 6, 13, 4, NULL, 2, 1, 0, 5, 0),
(4374, 6, 3, 5, NULL, 2, 1, 0, 5, 6.05),
(4375, 6, 4, 5, NULL, 2, 1, 0, 5, 6.05),
(4376, 6, 5, 5, NULL, 2, 1, 0, 5, 6.05),
(4377, 6, 6, 5, NULL, 2, 1, 0, 5, 6.05),
(4378, 6, 7, 5, NULL, 2, 1, 0, 5, 6.05),
(4379, 6, 8, 5, NULL, 2, 1, 0, 5, 6.05),
(4380, 6, 9, 5, NULL, 2, 1, 0, 5, 6.05),
(4381, 6, 10, 5, NULL, 2, 1, 0, 5, 6.05),
(4382, 6, 11, 5, NULL, 2, 1, 0, 5, 6.05),
(4383, 6, 12, 5, NULL, 2, 1, 0, 5, 6.05),
(4384, 6, 13, 5, NULL, 2, 1, 0, 5, 6.05),
(4385, 6, 3, 6, NULL, 2, 1, 0, 5, 9.57),
(4386, 6, 4, 6, NULL, 2, 1, 0, 5, 9.57),
(4387, 6, 5, 6, NULL, 2, 1, 0, 5, 9.57),
(4388, 6, 6, 6, NULL, 2, 1, 0, 5, 9.57),
(4389, 6, 7, 6, NULL, 2, 1, 0, 5, 9.57),
(4390, 6, 8, 6, NULL, 2, 1, 0, 5, 9.57),
(4391, 6, 9, 6, NULL, 2, 1, 0, 5, 9.57),
(4392, 6, 10, 6, NULL, 2, 1, 0, 5, 9.57),
(4393, 6, 11, 6, NULL, 2, 1, 0, 5, 9.57),
(4394, 6, 12, 6, NULL, 2, 1, 0, 5, 9.57),
(4395, 6, 13, 6, NULL, 2, 1, 0, 5, 9.57),
(4396, 6, 3, 7, NULL, 2, 1, 0, 5, 4.27),
(4397, 6, 4, 7, NULL, 2, 1, 0, 5, 4.27),
(4398, 6, 5, 7, NULL, 2, 1, 0, 5, 4.27),
(4399, 6, 6, 7, NULL, 2, 1, 0, 5, 4.27),
(4400, 6, 7, 7, NULL, 2, 1, 0, 5, 4.27),
(4401, 6, 8, 7, NULL, 2, 1, 0, 5, 4.27),
(4402, 6, 9, 7, NULL, 2, 1, 0, 5, 4.27),
(4403, 6, 10, 7, NULL, 2, 1, 0, 5, 4.27),
(4404, 6, 11, 7, NULL, 2, 1, 0, 5, 4.27),
(4405, 6, 12, 7, NULL, 2, 1, 0, 5, 4.27),
(4406, 6, 13, 7, NULL, 2, 1, 0, 5, 4.27),
(4407, 7, 3, 1, NULL, 2, 1, 0, 5, 3.01),
(4408, 7, 4, 1, NULL, 2, 1, 0, 5, 3.01),
(4409, 7, 5, 1, NULL, 2, 1, 0, 5, 3.01),
(4410, 7, 6, 1, NULL, 2, 1, 0, 5, 3.01),
(4411, 7, 7, 1, NULL, 2, 1, 0, 5, 3.01),
(4412, 7, 8, 1, NULL, 2, 1, 0, 5, 3.01),
(4413, 7, 9, 1, NULL, 2, 1, 0, 5, 3.01),
(4414, 7, 10, 1, NULL, 2, 1, 0, 5, 3.01),
(4415, 7, 11, 1, NULL, 2, 1, 0, 5, 3.01),
(4416, 7, 12, 1, NULL, 2, 1, 0, 5, 3.01),
(4417, 7, 13, 1, NULL, 2, 1, 0, 5, 3.01),
(4418, 7, 3, 2, NULL, 2, 1, 0, 10, 4.31),
(4419, 7, 4, 2, NULL, 2, 1, 0, 10, 4.31),
(4420, 7, 5, 2, NULL, 2, 1, 0, 10, 4.31),
(4421, 7, 6, 2, NULL, 2, 1, 0, 10, 4.31),
(4422, 7, 7, 2, NULL, 2, 1, 0, 10, 4.31),
(4423, 7, 8, 2, NULL, 2, 1, 0, 10, 4.31),
(4424, 7, 9, 2, NULL, 2, 1, 0, 10, 4.31),
(4425, 7, 10, 2, NULL, 2, 1, 0, 10, 4.31),
(4426, 7, 11, 2, NULL, 2, 1, 0, 10, 4.31),
(4427, 7, 12, 2, NULL, 2, 1, 0, 10, 4.31),
(4428, 7, 13, 2, NULL, 2, 1, 0, 10, 4.31),
(4429, 7, 3, 3, NULL, 2, 1, 0, 5, 3.84),
(4430, 7, 4, 3, NULL, 2, 1, 0, 5, 3.84),
(4431, 7, 5, 3, NULL, 2, 1, 0, 5, 3.84),
(4432, 7, 6, 3, NULL, 2, 1, 0, 5, 3.84),
(4433, 7, 7, 3, NULL, 2, 1, 0, 5, 3.84),
(4434, 7, 8, 3, NULL, 2, 1, 0, 5, 3.84),
(4435, 7, 9, 3, NULL, 2, 1, 0, 5, 3.84),
(4436, 7, 10, 3, NULL, 2, 1, 0, 5, 3.84),
(4437, 7, 11, 3, NULL, 2, 1, 0, 5, 3.84),
(4438, 7, 12, 3, NULL, 2, 1, 0, 5, 3.84),
(4439, 7, 13, 3, NULL, 2, 1, 0, 5, 3.84),
(4440, 7, 3, 4, NULL, 2, 1, 0, 5, 6.25),
(4441, 7, 4, 4, NULL, 2, 1, 0, 5, 6.25),
(4442, 7, 5, 4, NULL, 2, 1, 0, 5, 6.25),
(4443, 7, 6, 4, NULL, 2, 1, 0, 5, 6.25);
INSERT INTO `Clothes` (`Id`, `Brand`, `Size`, `Type`, `Color`, `Gender`, `Active`, `ActualAmount`, `MaxAmount`, `Price`) VALUES
(4444, 7, 7, 4, NULL, 2, 1, 0, 5, 6.25),
(4445, 7, 8, 4, NULL, 2, 1, 0, 5, 6.25),
(4446, 7, 9, 4, NULL, 2, 1, 0, 5, 6.25),
(4447, 7, 10, 4, NULL, 2, 1, 0, 5, 6.25),
(4448, 7, 11, 4, NULL, 2, 1, 0, 5, 6.25),
(4449, 7, 12, 4, NULL, 2, 1, 0, 5, 6.25),
(4450, 7, 13, 4, NULL, 2, 1, 0, 5, 6.25),
(4451, 7, 3, 5, NULL, 2, 1, 0, 5, 11.38),
(4452, 7, 4, 5, NULL, 2, 1, 0, 5, 11.38),
(4453, 7, 5, 5, NULL, 2, 1, 0, 5, 11.38),
(4454, 7, 6, 5, NULL, 2, 1, 0, 5, 11.38),
(4455, 7, 7, 5, NULL, 2, 1, 0, 5, 11.38),
(4456, 7, 8, 5, NULL, 2, 1, 0, 5, 11.38),
(4457, 7, 9, 5, NULL, 2, 1, 0, 5, 11.38),
(4458, 7, 10, 5, NULL, 2, 1, 0, 5, 11.38),
(4459, 7, 11, 5, NULL, 2, 1, 0, 5, 11.38),
(4460, 7, 12, 5, NULL, 2, 1, 0, 5, 11.38),
(4461, 7, 13, 5, NULL, 2, 1, 0, 5, 11.38),
(4462, 7, 3, 6, NULL, 2, 1, 0, 5, 9.79),
(4463, 7, 4, 6, NULL, 2, 1, 0, 5, 9.79),
(4464, 7, 5, 6, NULL, 2, 1, 0, 5, 9.79),
(4465, 7, 6, 6, NULL, 2, 1, 0, 5, 9.79),
(4466, 7, 7, 6, NULL, 2, 1, 0, 5, 9.79),
(4467, 7, 8, 6, NULL, 2, 1, 0, 5, 9.79),
(4468, 7, 9, 6, NULL, 2, 1, 0, 5, 9.79),
(4469, 7, 10, 6, NULL, 2, 1, 0, 5, 9.79),
(4470, 7, 11, 6, NULL, 2, 1, 0, 5, 9.79),
(4471, 7, 12, 6, NULL, 2, 1, 0, 5, 9.79),
(4472, 7, 13, 6, NULL, 2, 1, 0, 5, 9.79),
(4473, 7, 3, 7, NULL, 2, 1, 0, 5, 8.51),
(4474, 7, 4, 7, NULL, 2, 1, 0, 5, 8.51),
(4475, 7, 5, 7, NULL, 2, 1, 0, 5, 8.51),
(4476, 7, 6, 7, NULL, 2, 1, 0, 5, 8.51),
(4477, 7, 7, 7, NULL, 2, 1, 0, 5, 8.51),
(4478, 7, 8, 7, NULL, 2, 1, 0, 5, 8.51),
(4479, 7, 9, 7, NULL, 2, 1, 0, 5, 8.51),
(4480, 7, 10, 7, NULL, 2, 1, 0, 5, 8.51),
(4481, 7, 11, 7, NULL, 2, 1, 0, 5, 8.51),
(4482, 7, 12, 7, NULL, 2, 1, 0, 5, 8.51),
(4483, 7, 13, 7, NULL, 2, 1, 0, 5, 8.51),
(4484, 8, 3, 1, NULL, 2, 1, 0, 5, 3.72),
(4485, 8, 4, 1, NULL, 2, 1, 0, 5, 3.72),
(4486, 8, 5, 1, NULL, 2, 1, 0, 5, 3.72),
(4487, 8, 6, 1, NULL, 2, 1, 0, 5, 3.72),
(4488, 8, 7, 1, NULL, 2, 1, 0, 5, 3.72),
(4489, 8, 8, 1, NULL, 2, 1, 0, 5, 3.72),
(4490, 8, 9, 1, NULL, 2, 1, 0, 5, 3.72),
(4491, 8, 10, 1, NULL, 2, 1, 0, 5, 3.72),
(4492, 8, 11, 1, NULL, 2, 1, 0, 5, 3.72),
(4493, 8, 12, 1, NULL, 2, 1, 0, 5, 3.72),
(4494, 8, 13, 1, NULL, 2, 1, 0, 5, 3.72),
(4495, 8, 3, 2, NULL, 2, 1, 0, 5, 3.55),
(4496, 8, 4, 2, NULL, 2, 1, 0, 5, 3.55),
(4497, 8, 5, 2, NULL, 2, 1, 0, 5, 3.55),
(4498, 8, 6, 2, NULL, 2, 1, 0, 5, 3.55),
(4499, 8, 7, 2, NULL, 2, 1, 0, 5, 3.55),
(4500, 8, 8, 2, NULL, 2, 1, 0, 5, 3.55),
(4501, 8, 9, 2, NULL, 2, 1, 0, 5, 3.55),
(4502, 8, 10, 2, NULL, 2, 1, 0, 5, 3.55),
(4503, 8, 11, 2, NULL, 2, 1, 0, 5, 3.55),
(4504, 8, 12, 2, NULL, 2, 1, 0, 5, 3.55),
(4505, 8, 13, 2, NULL, 2, 1, 0, 5, 3.55),
(4506, 8, 3, 3, NULL, 2, 1, 0, 5, 6.35),
(4507, 8, 4, 3, NULL, 2, 1, 0, 5, 6.35),
(4508, 8, 5, 3, NULL, 2, 1, 0, 5, 6.35),
(4509, 8, 6, 3, NULL, 2, 1, 0, 5, 6.35),
(4510, 8, 7, 3, NULL, 2, 1, 0, 5, 6.35),
(4511, 8, 8, 3, NULL, 2, 1, 0, 5, 6.35),
(4512, 8, 9, 3, NULL, 2, 1, 0, 5, 6.35),
(4513, 8, 10, 3, NULL, 2, 1, 0, 5, 6.35),
(4514, 8, 11, 3, NULL, 2, 1, 0, 5, 6.35),
(4515, 8, 12, 3, NULL, 2, 1, 0, 5, 6.35),
(4516, 8, 13, 3, NULL, 2, 1, 0, 5, 6.35),
(4517, 8, 3, 4, NULL, 2, 1, 0, 5, 6.59),
(4518, 8, 4, 4, NULL, 2, 1, 0, 5, 6.59),
(4519, 8, 5, 4, NULL, 2, 1, 0, 5, 6.59),
(4520, 8, 6, 4, NULL, 2, 1, 0, 5, 6.59),
(4521, 8, 7, 4, NULL, 2, 1, 0, 5, 6.59),
(4522, 8, 8, 4, NULL, 2, 1, 0, 5, 6.59),
(4523, 8, 9, 4, NULL, 2, 1, 0, 5, 6.59),
(4524, 8, 10, 4, NULL, 2, 1, 0, 5, 6.59),
(4525, 8, 11, 4, NULL, 2, 1, 0, 5, 6.59),
(4526, 8, 12, 4, NULL, 2, 1, 0, 5, 6.59),
(4527, 8, 13, 4, NULL, 2, 1, 0, 5, 6.59),
(4528, 8, 3, 5, NULL, 2, 1, 0, 5, 6.24),
(4529, 8, 4, 5, NULL, 2, 1, 0, 5, 6.24),
(4530, 8, 5, 5, NULL, 2, 1, 0, 5, 6.24),
(4531, 8, 6, 5, NULL, 2, 1, 0, 5, 6.24),
(4532, 8, 7, 5, NULL, 2, 1, 0, 5, 6.24),
(4533, 8, 8, 5, NULL, 2, 1, 0, 5, 6.24),
(4534, 8, 9, 5, NULL, 2, 1, 0, 5, 6.24),
(4535, 8, 10, 5, NULL, 2, 1, 0, 5, 6.24),
(4536, 8, 11, 5, NULL, 2, 1, 0, 5, 6.24),
(4537, 8, 12, 5, NULL, 2, 1, 0, 5, 6.24),
(4538, 8, 13, 5, NULL, 2, 1, 0, 5, 6.24),
(4539, 8, 3, 6, NULL, 2, 1, 0, 10, 8.46),
(4540, 8, 4, 6, NULL, 2, 1, 0, 10, 8.46),
(4541, 8, 5, 6, NULL, 2, 1, 0, 10, 8.46),
(4542, 8, 6, 6, NULL, 2, 1, 0, 10, 8.46),
(4543, 8, 7, 6, NULL, 2, 1, 0, 10, 8.46),
(4544, 8, 8, 6, NULL, 2, 1, 0, 10, 8.46),
(4545, 8, 9, 6, NULL, 2, 1, 0, 10, 8.46),
(4546, 8, 10, 6, NULL, 2, 1, 0, 10, 8.46),
(4547, 8, 11, 6, NULL, 2, 1, 0, 10, 8.46),
(4548, 8, 12, 6, NULL, 2, 1, 0, 10, 8.46),
(4549, 8, 13, 6, NULL, 2, 1, 0, 10, 8.46),
(4550, 8, 3, 7, NULL, 2, 1, 0, 5, 5.48),
(4551, 8, 4, 7, NULL, 2, 1, 0, 5, 5.48),
(4552, 8, 5, 7, NULL, 2, 1, 0, 5, 5.48),
(4553, 8, 6, 7, NULL, 2, 1, 0, 5, 5.48),
(4554, 8, 7, 7, NULL, 2, 1, 0, 5, 5.48),
(4555, 8, 8, 7, NULL, 2, 1, 0, 5, 5.48),
(4556, 8, 9, 7, NULL, 2, 1, 0, 5, 5.48),
(4557, 8, 10, 7, NULL, 2, 1, 0, 5, 5.48),
(4558, 8, 11, 7, NULL, 2, 1, 0, 5, 5.48),
(4559, 8, 12, 7, NULL, 2, 1, 0, 5, 5.48),
(4560, 8, 13, 7, NULL, 2, 1, 0, 5, 5.48),
(4561, 9, 3, 1, NULL, 2, 1, 0, 10, 3.96),
(4562, 9, 4, 1, NULL, 2, 1, 0, 10, 3.96),
(4563, 9, 5, 1, NULL, 2, 1, 0, 10, 3.96),
(4564, 9, 6, 1, NULL, 2, 1, 0, 10, 3.96),
(4565, 9, 7, 1, NULL, 2, 1, 0, 10, 3.96),
(4566, 9, 8, 1, NULL, 2, 1, 0, 10, 3.96),
(4567, 9, 9, 1, NULL, 2, 1, 0, 10, 3.96),
(4568, 9, 10, 1, NULL, 2, 1, 0, 10, 3.96),
(4569, 9, 11, 1, NULL, 2, 1, 0, 10, 3.96),
(4570, 9, 12, 1, NULL, 2, 1, 0, 10, 3.96),
(4571, 9, 13, 1, NULL, 2, 1, 0, 10, 3.96),
(4572, 9, 3, 2, NULL, 2, 1, 0, 5, 5.12),
(4573, 9, 4, 2, NULL, 2, 1, 0, 5, 5.12),
(4574, 9, 5, 2, NULL, 2, 1, 0, 5, 5.12),
(4575, 9, 6, 2, NULL, 2, 1, 0, 5, 5.12),
(4576, 9, 7, 2, NULL, 2, 1, 0, 5, 5.12),
(4577, 9, 8, 2, NULL, 2, 1, 0, 5, 5.12),
(4578, 9, 9, 2, NULL, 2, 1, 0, 5, 5.12),
(4579, 9, 10, 2, NULL, 2, 1, 0, 5, 5.12),
(4580, 9, 11, 2, NULL, 2, 1, 0, 5, 5.12),
(4581, 9, 12, 2, NULL, 2, 1, 0, 5, 5.12),
(4582, 9, 13, 2, NULL, 2, 1, 0, 5, 5.12),
(4583, 9, 3, 3, NULL, 2, 1, 0, 5, 2.13),
(4584, 9, 4, 3, NULL, 2, 1, 0, 5, 2.13),
(4585, 9, 5, 3, NULL, 2, 1, 0, 5, 2.13),
(4586, 9, 6, 3, NULL, 2, 1, 0, 5, 2.13),
(4587, 9, 7, 3, NULL, 2, 1, 0, 5, 2.13),
(4588, 9, 8, 3, NULL, 2, 1, 0, 5, 2.13),
(4589, 9, 9, 3, NULL, 2, 1, 0, 5, 2.13),
(4590, 9, 10, 3, NULL, 2, 1, 0, 5, 2.13),
(4591, 9, 11, 3, NULL, 2, 1, 0, 5, 2.13),
(4592, 9, 12, 3, NULL, 2, 1, 0, 5, 2.13),
(4593, 9, 13, 3, NULL, 2, 1, 0, 5, 2.13),
(4594, 9, 3, 4, NULL, 2, 1, 0, 10, 2.41),
(4595, 9, 4, 4, NULL, 2, 1, 0, 10, 2.41),
(4596, 9, 5, 4, NULL, 2, 1, 0, 10, 2.41),
(4597, 9, 6, 4, NULL, 2, 1, 0, 10, 2.41),
(4598, 9, 7, 4, NULL, 2, 1, 0, 10, 2.41),
(4599, 9, 8, 4, NULL, 2, 1, 0, 10, 2.41),
(4600, 9, 9, 4, NULL, 2, 1, 0, 10, 2.41),
(4601, 9, 10, 4, NULL, 2, 1, 0, 10, 2.41),
(4602, 9, 11, 4, NULL, 2, 1, 0, 10, 2.41),
(4603, 9, 12, 4, NULL, 2, 1, 0, 10, 2.41),
(4604, 9, 13, 4, NULL, 2, 1, 0, 10, 2.41),
(4605, 9, 3, 5, NULL, 2, 1, 0, 5, 6.43),
(4606, 9, 4, 5, NULL, 2, 1, 0, 5, 6.43),
(4607, 9, 5, 5, NULL, 2, 1, 0, 5, 6.43),
(4608, 9, 6, 5, NULL, 2, 1, 0, 5, 6.43),
(4609, 9, 7, 5, NULL, 2, 1, 0, 5, 6.43),
(4610, 9, 8, 5, NULL, 2, 1, 0, 5, 6.43),
(4611, 9, 9, 5, NULL, 2, 1, 0, 5, 6.43),
(4612, 9, 10, 5, NULL, 2, 1, 0, 5, 6.43),
(4613, 9, 11, 5, NULL, 2, 1, 0, 5, 6.43),
(4614, 9, 12, 5, NULL, 2, 1, 0, 5, 6.43),
(4615, 9, 13, 5, NULL, 2, 1, 0, 5, 6.43),
(4616, 9, 3, 6, NULL, 2, 1, 0, 10, 6.16),
(4617, 9, 4, 6, NULL, 2, 1, 0, 10, 6.16),
(4618, 9, 5, 6, NULL, 2, 1, 0, 10, 6.16),
(4619, 9, 6, 6, NULL, 2, 1, 0, 10, 6.16),
(4620, 9, 7, 6, NULL, 2, 1, 0, 10, 6.16),
(4621, 9, 8, 6, NULL, 2, 1, 0, 10, 6.16),
(4622, 9, 9, 6, NULL, 2, 1, 0, 10, 6.16),
(4623, 9, 10, 6, NULL, 2, 1, 0, 10, 6.16),
(4624, 9, 11, 6, NULL, 2, 1, 0, 10, 6.16),
(4625, 9, 12, 6, NULL, 2, 1, 0, 10, 6.16),
(4626, 9, 13, 6, NULL, 2, 1, 0, 10, 6.16),
(4627, 9, 3, 7, NULL, 2, 1, 0, 5, 5.59),
(4628, 9, 4, 7, NULL, 2, 1, 0, 5, 5.59),
(4629, 9, 5, 7, NULL, 2, 1, 0, 5, 5.59),
(4630, 9, 6, 7, NULL, 2, 1, 0, 5, 5.59),
(4631, 9, 7, 7, NULL, 2, 1, 0, 5, 5.59),
(4632, 9, 8, 7, NULL, 2, 1, 0, 5, 5.59),
(4633, 9, 9, 7, NULL, 2, 1, 0, 5, 5.59),
(4634, 9, 10, 7, NULL, 2, 1, 0, 5, 5.59),
(4635, 9, 11, 7, NULL, 2, 1, 0, 5, 5.59),
(4636, 9, 12, 7, NULL, 2, 1, 0, 5, 5.59),
(4637, 9, 13, 7, NULL, 2, 1, 0, 5, 5.59),
(4638, 10, 3, 1, NULL, 2, 1, 0, 5, 2.88),
(4639, 10, 4, 1, NULL, 2, 1, 0, 5, 2.88),
(4640, 10, 5, 1, NULL, 2, 1, 0, 5, 2.88),
(4641, 10, 6, 1, NULL, 2, 1, 0, 5, 2.88),
(4642, 10, 7, 1, NULL, 2, 1, 0, 5, 2.88),
(4643, 10, 8, 1, NULL, 2, 1, 0, 5, 2.88),
(4644, 10, 9, 1, NULL, 2, 1, 0, 5, 2.88),
(4645, 10, 10, 1, NULL, 2, 1, 0, 5, 2.88),
(4646, 10, 11, 1, NULL, 2, 1, 0, 5, 2.88),
(4647, 10, 12, 1, NULL, 2, 1, 0, 5, 2.88),
(4648, 10, 13, 1, NULL, 2, 1, 0, 5, 2.88),
(4649, 10, 3, 2, NULL, 2, 1, 0, 5, 6.64),
(4650, 10, 4, 2, NULL, 2, 1, 0, 5, 6.64),
(4651, 10, 5, 2, NULL, 2, 1, 0, 5, 6.64),
(4652, 10, 6, 2, NULL, 2, 1, 0, 5, 6.64),
(4653, 10, 7, 2, NULL, 2, 1, 0, 5, 6.64),
(4654, 10, 8, 2, NULL, 2, 1, 0, 5, 6.64),
(4655, 10, 9, 2, NULL, 2, 1, 0, 5, 6.64),
(4656, 10, 10, 2, NULL, 2, 1, 0, 5, 6.64),
(4657, 10, 11, 2, NULL, 2, 1, 0, 5, 6.64),
(4658, 10, 12, 2, NULL, 2, 1, 0, 5, 6.64),
(4659, 10, 13, 2, NULL, 2, 1, 0, 5, 6.64),
(4660, 10, 3, 3, NULL, 2, 1, 0, 20, 7.29),
(4661, 10, 4, 3, NULL, 2, 1, 0, 20, 7.29),
(4662, 10, 5, 3, NULL, 2, 1, 0, 20, 7.29),
(4663, 10, 6, 3, NULL, 2, 1, 0, 20, 7.29),
(4664, 10, 7, 3, NULL, 2, 1, 0, 20, 7.29),
(4665, 10, 8, 3, NULL, 2, 1, 0, 20, 7.29),
(4666, 10, 9, 3, NULL, 2, 1, 0, 20, 7.29),
(4667, 10, 10, 3, NULL, 2, 1, 0, 20, 7.29),
(4668, 10, 11, 3, NULL, 2, 1, 0, 20, 7.29),
(4669, 10, 12, 3, NULL, 2, 1, 0, 20, 7.29),
(4670, 10, 13, 3, NULL, 2, 1, 0, 20, 7.29),
(4671, 10, 3, 4, NULL, 2, 1, 0, 10, 5.65),
(4672, 10, 4, 4, NULL, 2, 1, 0, 10, 5.65),
(4673, 10, 5, 4, NULL, 2, 1, 0, 10, 5.65),
(4674, 10, 6, 4, NULL, 2, 1, 0, 10, 5.65),
(4675, 10, 7, 4, NULL, 2, 1, 0, 10, 5.65),
(4676, 10, 8, 4, NULL, 2, 1, 0, 10, 5.65),
(4677, 10, 9, 4, NULL, 2, 1, 0, 10, 5.65),
(4678, 10, 10, 4, NULL, 2, 1, 0, 10, 5.65),
(4679, 10, 11, 4, NULL, 2, 1, 0, 10, 5.65),
(4680, 10, 12, 4, NULL, 2, 1, 0, 10, 5.65),
(4681, 10, 13, 4, NULL, 2, 1, 0, 10, 5.65),
(4682, 10, 3, 5, NULL, 2, 1, 0, 10, 13.46),
(4683, 10, 4, 5, NULL, 2, 1, 0, 10, 13.46),
(4684, 10, 5, 5, NULL, 2, 1, 0, 10, 13.46),
(4685, 10, 6, 5, NULL, 2, 1, 0, 10, 13.46),
(4686, 10, 7, 5, NULL, 2, 1, 0, 10, 13.46),
(4687, 10, 8, 5, NULL, 2, 1, 0, 10, 13.46),
(4688, 10, 9, 5, NULL, 2, 1, 0, 10, 13.46),
(4689, 10, 10, 5, NULL, 2, 1, 0, 10, 13.46),
(4690, 10, 11, 5, NULL, 2, 1, 0, 10, 13.46),
(4691, 10, 12, 5, NULL, 2, 1, 0, 10, 13.46),
(4692, 10, 13, 5, NULL, 2, 1, 0, 10, 13.46),
(4693, 10, 3, 6, NULL, 2, 1, 0, 10, 6.12),
(4694, 10, 4, 6, NULL, 2, 1, 0, 10, 6.12),
(4695, 10, 5, 6, NULL, 2, 1, 0, 10, 6.12),
(4696, 10, 6, 6, NULL, 2, 1, 0, 10, 6.12),
(4697, 10, 7, 6, NULL, 2, 1, 0, 10, 6.12),
(4698, 10, 8, 6, NULL, 2, 1, 0, 10, 6.12),
(4699, 10, 9, 6, NULL, 2, 1, 0, 10, 6.12),
(4700, 10, 10, 6, NULL, 2, 1, 0, 10, 6.12),
(4701, 10, 11, 6, NULL, 2, 1, 0, 10, 6.12),
(4702, 10, 12, 6, NULL, 2, 1, 0, 10, 6.12),
(4703, 10, 13, 6, NULL, 2, 1, 0, 10, 6.12),
(4704, 10, 3, 7, NULL, 2, 1, 0, 20, 6.18),
(4705, 10, 4, 7, NULL, 2, 1, 0, 20, 6.18),
(4706, 10, 5, 7, NULL, 2, 1, 0, 20, 6.18),
(4707, 10, 6, 7, NULL, 2, 1, 0, 20, 6.18),
(4708, 10, 7, 7, NULL, 2, 1, 0, 20, 6.18),
(4709, 10, 8, 7, NULL, 2, 1, 0, 20, 6.18),
(4710, 10, 9, 7, NULL, 2, 1, 0, 20, 6.18),
(4711, 10, 10, 7, NULL, 2, 1, 0, 20, 6.18),
(4712, 10, 11, 7, NULL, 2, 1, 0, 20, 6.18),
(4713, 10, 12, 7, NULL, 2, 1, 0, 20, 6.18),
(4714, 10, 13, 7, NULL, 2, 1, 0, 20, 6.18),
(4715, 11, 3, 1, NULL, 2, 1, 0, 10, 5.16),
(4716, 11, 4, 1, NULL, 2, 1, 0, 10, 5.16),
(4717, 11, 5, 1, NULL, 2, 1, 0, 10, 5.16),
(4718, 11, 6, 1, NULL, 2, 1, 0, 10, 5.16),
(4719, 11, 7, 1, NULL, 2, 1, 0, 10, 5.16),
(4720, 11, 8, 1, NULL, 2, 1, 0, 10, 5.16),
(4721, 11, 9, 1, NULL, 2, 1, 0, 10, 5.16),
(4722, 11, 10, 1, NULL, 2, 1, 0, 10, 5.16),
(4723, 11, 11, 1, NULL, 2, 1, 0, 10, 5.16),
(4724, 11, 12, 1, NULL, 2, 1, 0, 10, 5.16),
(4725, 11, 13, 1, NULL, 2, 1, 0, 10, 5.16),
(4726, 11, 3, 2, NULL, 2, 1, 0, 10, 6.81),
(4727, 11, 4, 2, NULL, 2, 1, 0, 10, 6.81),
(4728, 11, 5, 2, NULL, 2, 1, 0, 10, 6.81),
(4729, 11, 6, 2, NULL, 2, 1, 0, 10, 6.81),
(4730, 11, 7, 2, NULL, 2, 1, 0, 10, 6.81),
(4731, 11, 8, 2, NULL, 2, 1, 0, 10, 6.81),
(4732, 11, 9, 2, NULL, 2, 1, 0, 10, 6.81),
(4733, 11, 10, 2, NULL, 2, 1, 0, 10, 6.81),
(4734, 11, 11, 2, NULL, 2, 1, 0, 10, 6.81),
(4735, 11, 12, 2, NULL, 2, 1, 0, 10, 6.81),
(4736, 11, 13, 2, NULL, 2, 1, 0, 10, 6.81),
(4737, 11, 3, 3, NULL, 2, 1, 0, 5, 4.85),
(4738, 11, 4, 3, NULL, 2, 1, 0, 5, 4.85),
(4739, 11, 5, 3, NULL, 2, 1, 0, 5, 4.85),
(4740, 11, 6, 3, NULL, 2, 1, 0, 5, 4.85),
(4741, 11, 7, 3, NULL, 2, 1, 0, 5, 4.85),
(4742, 11, 8, 3, NULL, 2, 1, 0, 5, 4.85),
(4743, 11, 9, 3, NULL, 2, 1, 0, 5, 4.85),
(4744, 11, 10, 3, NULL, 2, 1, 0, 5, 4.85),
(4745, 11, 11, 3, NULL, 2, 1, 0, 5, 4.85),
(4746, 11, 12, 3, NULL, 2, 1, 0, 5, 4.85),
(4747, 11, 13, 3, NULL, 2, 1, 0, 5, 4.85),
(4748, 11, 3, 4, NULL, 2, 1, 0, 10, 5.29),
(4749, 11, 4, 4, NULL, 2, 1, 0, 10, 5.29),
(4750, 11, 5, 4, NULL, 2, 1, 0, 10, 5.29),
(4751, 11, 6, 4, NULL, 2, 1, 0, 10, 5.29),
(4752, 11, 7, 4, NULL, 2, 1, 0, 10, 5.29),
(4753, 11, 8, 4, NULL, 2, 1, 0, 10, 5.29),
(4754, 11, 9, 4, NULL, 2, 1, 0, 10, 5.29),
(4755, 11, 10, 4, NULL, 2, 1, 0, 10, 5.29),
(4756, 11, 11, 4, NULL, 2, 1, 0, 10, 5.29),
(4757, 11, 12, 4, NULL, 2, 1, 0, 10, 5.29),
(4758, 11, 13, 4, NULL, 2, 1, 0, 10, 5.29),
(4759, 11, 3, 5, NULL, 2, 1, 0, 5, 13.02),
(4760, 11, 4, 5, NULL, 2, 1, 0, 5, 13.02),
(4761, 11, 5, 5, NULL, 2, 1, 0, 5, 13.02),
(4762, 11, 6, 5, NULL, 2, 1, 0, 5, 13.02),
(4763, 11, 7, 5, NULL, 2, 1, 0, 5, 13.02),
(4764, 11, 8, 5, NULL, 2, 1, 0, 5, 13.02),
(4765, 11, 9, 5, NULL, 2, 1, 0, 5, 13.02),
(4766, 11, 10, 5, NULL, 2, 1, 0, 5, 13.02),
(4767, 11, 11, 5, NULL, 2, 1, 0, 5, 13.02),
(4768, 11, 12, 5, NULL, 2, 1, 0, 5, 13.02),
(4769, 11, 13, 5, NULL, 2, 1, 0, 5, 13.02),
(4770, 11, 3, 6, NULL, 2, 1, 0, 20, 8.85),
(4771, 11, 4, 6, NULL, 2, 1, 0, 20, 8.85),
(4772, 11, 5, 6, NULL, 2, 1, 0, 20, 8.85),
(4773, 11, 6, 6, NULL, 2, 1, 0, 20, 8.85),
(4774, 11, 7, 6, NULL, 2, 1, 0, 20, 8.85),
(4775, 11, 8, 6, NULL, 2, 1, 0, 20, 8.85),
(4776, 11, 9, 6, NULL, 2, 1, 0, 20, 8.85),
(4777, 11, 10, 6, NULL, 2, 1, 0, 20, 8.85),
(4778, 11, 11, 6, NULL, 2, 1, 0, 20, 8.85),
(4779, 11, 12, 6, NULL, 2, 1, 0, 20, 8.85),
(4780, 11, 13, 6, NULL, 2, 1, 0, 20, 8.85),
(4781, 11, 3, 7, NULL, 2, 1, 0, 5, 5.88),
(4782, 11, 4, 7, NULL, 2, 1, 0, 5, 5.88),
(4783, 11, 5, 7, NULL, 2, 1, 0, 5, 5.88),
(4784, 11, 6, 7, NULL, 2, 1, 0, 5, 5.88),
(4785, 11, 7, 7, NULL, 2, 1, 0, 5, 5.88),
(4786, 11, 8, 7, NULL, 2, 1, 0, 5, 5.88),
(4787, 11, 9, 7, NULL, 2, 1, 0, 5, 5.88),
(4788, 11, 10, 7, NULL, 2, 1, 0, 5, 5.88),
(4789, 11, 11, 7, NULL, 2, 1, 0, 5, 5.88),
(4790, 11, 12, 7, NULL, 2, 1, 0, 5, 5.88),
(4791, 11, 13, 7, NULL, 2, 1, 0, 5, 5.88),
(4792, 12, 3, 1, NULL, 2, 1, 0, 5, 3.26),
(4793, 12, 4, 1, NULL, 2, 1, 0, 5, 3.26),
(4794, 12, 5, 1, NULL, 2, 1, 0, 5, 3.26),
(4795, 12, 6, 1, NULL, 2, 1, 0, 5, 3.26),
(4796, 12, 7, 1, NULL, 2, 1, 0, 5, 3.26),
(4797, 12, 8, 1, NULL, 2, 1, 0, 5, 3.26),
(4798, 12, 9, 1, NULL, 2, 1, 0, 5, 3.26),
(4799, 12, 10, 1, NULL, 2, 1, 0, 5, 3.26),
(4800, 12, 11, 1, NULL, 2, 1, 0, 5, 3.26),
(4801, 12, 12, 1, NULL, 2, 1, 0, 5, 3.26),
(4802, 12, 13, 1, NULL, 2, 1, 0, 5, 3.26),
(4803, 12, 3, 2, NULL, 2, 1, 0, 5, 4.38),
(4804, 12, 4, 2, NULL, 2, 1, 0, 5, 4.38),
(4805, 12, 5, 2, NULL, 2, 1, 0, 5, 4.38),
(4806, 12, 6, 2, NULL, 2, 1, 0, 5, 4.38),
(4807, 12, 7, 2, NULL, 2, 1, 0, 5, 4.38),
(4808, 12, 8, 2, NULL, 2, 1, 0, 5, 4.38),
(4809, 12, 9, 2, NULL, 2, 1, 0, 5, 4.38),
(4810, 12, 10, 2, NULL, 2, 1, 0, 5, 4.38),
(4811, 12, 11, 2, NULL, 2, 1, 0, 5, 4.38),
(4812, 12, 12, 2, NULL, 2, 1, 0, 5, 4.38),
(4813, 12, 13, 2, NULL, 2, 1, 0, 5, 4.38),
(4814, 12, 3, 3, NULL, 2, 1, 0, 5, 4.28),
(4815, 12, 4, 3, NULL, 2, 1, 0, 5, 4.28),
(4816, 12, 5, 3, NULL, 2, 1, 0, 5, 4.28),
(4817, 12, 6, 3, NULL, 2, 1, 0, 5, 4.28),
(4818, 12, 7, 3, NULL, 2, 1, 0, 5, 4.28),
(4819, 12, 8, 3, NULL, 2, 1, 0, 5, 4.28),
(4820, 12, 9, 3, NULL, 2, 1, 0, 5, 4.28),
(4821, 12, 10, 3, NULL, 2, 1, 0, 5, 4.28),
(4822, 12, 11, 3, NULL, 2, 1, 0, 5, 4.28),
(4823, 12, 12, 3, NULL, 2, 1, 0, 5, 4.28),
(4824, 12, 13, 3, NULL, 2, 1, 0, 5, 4.28),
(4825, 12, 3, 4, NULL, 2, 1, 0, 5, 4.12),
(4826, 12, 4, 4, NULL, 2, 1, 0, 5, 4.12),
(4827, 12, 5, 4, NULL, 2, 1, 0, 5, 4.12),
(4828, 12, 6, 4, NULL, 2, 1, 0, 5, 4.12),
(4829, 12, 7, 4, NULL, 2, 1, 0, 5, 4.12),
(4830, 12, 8, 4, NULL, 2, 1, 0, 5, 4.12),
(4831, 12, 9, 4, NULL, 2, 1, 0, 5, 4.12),
(4832, 12, 10, 4, NULL, 2, 1, 0, 5, 4.12),
(4833, 12, 11, 4, NULL, 2, 1, 0, 5, 4.12),
(4834, 12, 12, 4, NULL, 2, 1, 0, 5, 4.12),
(4835, 12, 13, 4, NULL, 2, 1, 0, 5, 4.12),
(4836, 12, 3, 5, NULL, 2, 1, 0, 5, 8.11),
(4837, 12, 4, 5, NULL, 2, 1, 0, 5, 8.11),
(4838, 12, 5, 5, NULL, 2, 1, 0, 5, 8.11),
(4839, 12, 6, 5, NULL, 2, 1, 0, 5, 8.11),
(4840, 12, 7, 5, NULL, 2, 1, 0, 5, 8.11),
(4841, 12, 8, 5, NULL, 2, 1, 0, 5, 8.11),
(4842, 12, 9, 5, NULL, 2, 1, 0, 5, 8.11),
(4843, 12, 10, 5, NULL, 2, 1, 0, 5, 8.11),
(4844, 12, 11, 5, NULL, 2, 1, 0, 5, 8.11),
(4845, 12, 12, 5, NULL, 2, 1, 0, 5, 8.11),
(4846, 12, 13, 5, NULL, 2, 1, 0, 5, 8.11),
(4847, 12, 3, 6, NULL, 2, 1, 0, 5, 5.92),
(4848, 12, 4, 6, NULL, 2, 1, 0, 5, 5.92),
(4849, 12, 5, 6, NULL, 2, 1, 0, 5, 5.92),
(4850, 12, 6, 6, NULL, 2, 1, 0, 5, 5.92),
(4851, 12, 7, 6, NULL, 2, 1, 0, 5, 5.92),
(4852, 12, 8, 6, NULL, 2, 1, 0, 5, 5.92),
(4853, 12, 9, 6, NULL, 2, 1, 0, 5, 5.92),
(4854, 12, 10, 6, NULL, 2, 1, 0, 5, 5.92),
(4855, 12, 11, 6, NULL, 2, 1, 0, 5, 5.92),
(4856, 12, 12, 6, NULL, 2, 1, 0, 5, 5.92),
(4857, 12, 13, 6, NULL, 2, 1, 0, 5, 5.92),
(4858, 12, 3, 7, NULL, 2, 1, 0, 5, 4.48),
(4859, 12, 4, 7, NULL, 2, 1, 0, 5, 4.48),
(4860, 12, 5, 7, NULL, 2, 1, 0, 5, 4.48),
(4861, 12, 6, 7, NULL, 2, 1, 0, 5, 4.48),
(4862, 12, 7, 7, NULL, 2, 1, 0, 5, 4.48),
(4863, 12, 8, 7, NULL, 2, 1, 0, 5, 4.48),
(4864, 12, 9, 7, NULL, 2, 1, 0, 5, 4.48),
(4865, 12, 10, 7, NULL, 2, 1, 0, 5, 4.48),
(4866, 12, 11, 7, NULL, 2, 1, 0, 5, 4.48),
(4867, 12, 12, 7, NULL, 2, 1, 0, 5, 4.48),
(4868, 12, 13, 7, NULL, 2, 1, 0, 5, 4.48),
(4869, 13, 3, 1, NULL, 2, 1, 0, 5, 4.13),
(4870, 13, 4, 1, NULL, 2, 1, 0, 5, 4.13),
(4871, 13, 5, 1, NULL, 2, 1, 0, 5, 4.13),
(4872, 13, 6, 1, NULL, 2, 1, 0, 5, 4.13),
(4873, 13, 7, 1, NULL, 2, 1, 0, 5, 4.13),
(4874, 13, 8, 1, NULL, 2, 1, 0, 5, 4.13),
(4875, 13, 9, 1, NULL, 2, 1, 0, 5, 4.13),
(4876, 13, 10, 1, NULL, 2, 1, 0, 5, 4.13),
(4877, 13, 11, 1, NULL, 2, 1, 0, 5, 4.13),
(4878, 13, 12, 1, NULL, 2, 1, 0, 5, 4.13),
(4879, 13, 13, 1, NULL, 2, 1, 0, 5, 4.13),
(4880, 13, 3, 2, NULL, 2, 1, 0, 5, 5.71),
(4881, 13, 4, 2, NULL, 2, 1, 0, 5, 5.71),
(4882, 13, 5, 2, NULL, 2, 1, 0, 5, 5.71),
(4883, 13, 6, 2, NULL, 2, 1, 0, 5, 5.71),
(4884, 13, 7, 2, NULL, 2, 1, 0, 5, 5.71),
(4885, 13, 8, 2, NULL, 2, 1, 0, 5, 5.71),
(4886, 13, 9, 2, NULL, 2, 1, 0, 5, 5.71),
(4887, 13, 10, 2, NULL, 2, 1, 0, 5, 5.71),
(4888, 13, 11, 2, NULL, 2, 1, 0, 5, 5.71),
(4889, 13, 12, 2, NULL, 2, 1, 0, 5, 5.71),
(4890, 13, 13, 2, NULL, 2, 1, 0, 5, 5.71),
(4891, 13, 3, 3, NULL, 2, 1, 0, 5, 3.79),
(4892, 13, 4, 3, NULL, 2, 1, 0, 5, 3.79),
(4893, 13, 5, 3, NULL, 2, 1, 0, 5, 3.79),
(4894, 13, 6, 3, NULL, 2, 1, 0, 5, 3.79),
(4895, 13, 7, 3, NULL, 2, 1, 0, 5, 3.79),
(4896, 13, 8, 3, NULL, 2, 1, 0, 5, 3.79),
(4897, 13, 9, 3, NULL, 2, 1, 0, 5, 3.79),
(4898, 13, 10, 3, NULL, 2, 1, 0, 5, 3.79),
(4899, 13, 11, 3, NULL, 2, 1, 0, 5, 3.79),
(4900, 13, 12, 3, NULL, 2, 1, 0, 5, 3.79),
(4901, 13, 13, 3, NULL, 2, 1, 0, 5, 3.79),
(4902, 13, 3, 4, NULL, 2, 1, 0, 5, 3.9),
(4903, 13, 4, 4, NULL, 2, 1, 0, 5, 3.9),
(4904, 13, 5, 4, NULL, 2, 1, 0, 5, 3.9),
(4905, 13, 6, 4, NULL, 2, 1, 0, 5, 3.9),
(4906, 13, 7, 4, NULL, 2, 1, 0, 5, 3.9),
(4907, 13, 8, 4, NULL, 2, 1, 0, 5, 3.9),
(4908, 13, 9, 4, NULL, 2, 1, 0, 5, 3.9),
(4909, 13, 10, 4, NULL, 2, 1, 0, 5, 3.9),
(4910, 13, 11, 4, NULL, 2, 1, 0, 5, 3.9),
(4911, 13, 12, 4, NULL, 2, 1, 0, 5, 3.9),
(4912, 13, 13, 4, NULL, 2, 1, 0, 5, 3.9),
(4913, 13, 3, 5, NULL, 2, 1, 0, 5, 9.15),
(4914, 13, 4, 5, NULL, 2, 1, 0, 5, 9.15),
(4915, 13, 5, 5, NULL, 2, 1, 0, 5, 9.15),
(4916, 13, 6, 5, NULL, 2, 1, 0, 5, 9.15),
(4917, 13, 7, 5, NULL, 2, 1, 0, 5, 9.15),
(4918, 13, 8, 5, NULL, 2, 1, 0, 5, 9.15),
(4919, 13, 9, 5, NULL, 2, 1, 0, 5, 9.15),
(4920, 13, 10, 5, NULL, 2, 1, 0, 5, 9.15),
(4921, 13, 11, 5, NULL, 2, 1, 0, 5, 9.15),
(4922, 13, 12, 5, NULL, 2, 1, 0, 5, 9.15),
(4923, 13, 13, 5, NULL, 2, 1, 0, 5, 9.15),
(4924, 13, 3, 6, NULL, 2, 1, 0, 5, 7.08),
(4925, 13, 4, 6, NULL, 2, 1, 0, 5, 7.08),
(4926, 13, 5, 6, NULL, 2, 1, 0, 5, 7.08),
(4927, 13, 6, 6, NULL, 2, 1, 0, 5, 7.08),
(4928, 13, 7, 6, NULL, 2, 1, 0, 5, 7.08),
(4929, 13, 8, 6, NULL, 2, 1, 0, 5, 7.08),
(4930, 13, 9, 6, NULL, 2, 1, 0, 5, 7.08),
(4931, 13, 10, 6, NULL, 2, 1, 0, 5, 7.08),
(4932, 13, 11, 6, NULL, 2, 1, 0, 5, 7.08),
(4933, 13, 12, 6, NULL, 2, 1, 0, 5, 7.08),
(4934, 13, 13, 6, NULL, 2, 1, 0, 5, 7.08),
(4935, 13, 3, 7, NULL, 2, 1, 0, 5, 4.39),
(4936, 13, 4, 7, NULL, 2, 1, 0, 5, 4.39),
(4937, 13, 5, 7, NULL, 2, 1, 0, 5, 4.39),
(4938, 13, 6, 7, NULL, 2, 1, 0, 5, 4.39),
(4939, 13, 7, 7, NULL, 2, 1, 0, 5, 4.39),
(4940, 13, 8, 7, NULL, 2, 1, 0, 5, 4.39),
(4941, 13, 9, 7, NULL, 2, 1, 0, 5, 4.39),
(4942, 13, 10, 7, NULL, 2, 1, 0, 5, 4.39),
(4943, 13, 11, 7, NULL, 2, 1, 0, 5, 4.39),
(4944, 13, 12, 7, NULL, 2, 1, 0, 5, 4.39),
(4945, 13, 13, 7, NULL, 2, 1, 0, 5, 4.39),
(4946, 14, 3, 1, NULL, 2, 1, 0, 5, 4.79),
(4947, 14, 4, 1, NULL, 2, 1, 0, 5, 4.79),
(4948, 14, 5, 1, NULL, 2, 1, 0, 5, 4.79),
(4949, 14, 6, 1, NULL, 2, 1, 0, 5, 4.79),
(4950, 14, 7, 1, NULL, 2, 1, 0, 5, 4.79),
(4951, 14, 8, 1, NULL, 2, 1, 0, 5, 4.79),
(4952, 14, 9, 1, NULL, 2, 1, 0, 5, 4.79),
(4953, 14, 10, 1, NULL, 2, 1, 0, 5, 4.79),
(4954, 14, 11, 1, NULL, 2, 1, 0, 5, 4.79),
(4955, 14, 12, 1, NULL, 2, 1, 0, 5, 4.79),
(4956, 14, 13, 1, NULL, 2, 1, 0, 5, 4.79),
(4957, 14, 3, 2, NULL, 2, 1, 0, 5, 5.73),
(4958, 14, 4, 2, NULL, 2, 1, 0, 5, 5.73),
(4959, 14, 5, 2, NULL, 2, 1, 0, 5, 5.73),
(4960, 14, 6, 2, NULL, 2, 1, 0, 5, 5.73),
(4961, 14, 7, 2, NULL, 2, 1, 0, 5, 5.73),
(4962, 14, 8, 2, NULL, 2, 1, 0, 5, 5.73),
(4963, 14, 9, 2, NULL, 2, 1, 0, 5, 5.73),
(4964, 14, 10, 2, NULL, 2, 1, 0, 5, 5.73),
(4965, 14, 11, 2, NULL, 2, 1, 0, 5, 5.73),
(4966, 14, 12, 2, NULL, 2, 1, 0, 5, 5.73),
(4967, 14, 13, 2, NULL, 2, 1, 0, 5, 5.73),
(4968, 14, 3, 3, NULL, 2, 1, 0, 5, 5.85),
(4969, 14, 4, 3, NULL, 2, 1, 0, 5, 5.85),
(4970, 14, 5, 3, NULL, 2, 1, 0, 5, 5.85),
(4971, 14, 6, 3, NULL, 2, 1, 0, 5, 5.85),
(4972, 14, 7, 3, NULL, 2, 1, 0, 5, 5.85),
(4973, 14, 8, 3, NULL, 2, 1, 0, 5, 5.85),
(4974, 14, 9, 3, NULL, 2, 1, 0, 5, 5.85),
(4975, 14, 10, 3, NULL, 2, 1, 0, 5, 5.85),
(4976, 14, 11, 3, NULL, 2, 1, 0, 5, 5.85),
(4977, 14, 12, 3, NULL, 2, 1, 0, 5, 5.85),
(4978, 14, 13, 3, NULL, 2, 1, 0, 5, 5.85),
(4979, 14, 3, 4, NULL, 2, 1, 0, 10, 6.11),
(4980, 14, 4, 4, NULL, 2, 1, 0, 10, 6.11),
(4981, 14, 5, 4, NULL, 2, 1, 0, 10, 6.11),
(4982, 14, 6, 4, NULL, 2, 1, 0, 10, 6.11),
(4983, 14, 7, 4, NULL, 2, 1, 0, 10, 6.11),
(4984, 14, 8, 4, NULL, 2, 1, 0, 10, 6.11),
(4985, 14, 9, 4, NULL, 2, 1, 0, 10, 6.11),
(4986, 14, 10, 4, NULL, 2, 1, 0, 10, 6.11),
(4987, 14, 11, 4, NULL, 2, 1, 0, 10, 6.11),
(4988, 14, 12, 4, NULL, 2, 1, 0, 10, 6.11),
(4989, 14, 13, 4, NULL, 2, 1, 0, 10, 6.11),
(4990, 14, 3, 5, NULL, 2, 1, 0, 5, 8.87),
(4991, 14, 4, 5, NULL, 2, 1, 0, 5, 8.87),
(4992, 14, 5, 5, NULL, 2, 1, 0, 5, 8.87),
(4993, 14, 6, 5, NULL, 2, 1, 0, 5, 8.87),
(4994, 14, 7, 5, NULL, 2, 1, 0, 5, 8.87),
(4995, 14, 8, 5, NULL, 2, 1, 0, 5, 8.87),
(4996, 14, 9, 5, NULL, 2, 1, 0, 5, 8.87),
(4997, 14, 10, 5, NULL, 2, 1, 0, 5, 8.87),
(4998, 14, 11, 5, NULL, 2, 1, 0, 5, 8.87),
(4999, 14, 12, 5, NULL, 2, 1, 0, 5, 8.87),
(5000, 14, 13, 5, NULL, 2, 1, 0, 5, 8.87),
(5001, 14, 3, 6, NULL, 2, 1, 0, 5, 8.47),
(5002, 14, 4, 6, NULL, 2, 1, 0, 5, 8.47),
(5003, 14, 5, 6, NULL, 2, 1, 0, 5, 8.47),
(5004, 14, 6, 6, NULL, 2, 1, 0, 5, 8.47),
(5005, 14, 7, 6, NULL, 2, 1, 0, 5, 8.47),
(5006, 14, 8, 6, NULL, 2, 1, 0, 5, 8.47),
(5007, 14, 9, 6, NULL, 2, 1, 0, 5, 8.47),
(5008, 14, 10, 6, NULL, 2, 1, 0, 5, 8.47),
(5009, 14, 11, 6, NULL, 2, 1, 0, 5, 8.47),
(5010, 14, 12, 6, NULL, 2, 1, 0, 5, 8.47),
(5011, 14, 13, 6, NULL, 2, 1, 0, 5, 8.47),
(5012, 14, 3, 7, NULL, 2, 1, 0, 5, 5.81),
(5013, 14, 4, 7, NULL, 2, 1, 0, 5, 5.81),
(5014, 14, 5, 7, NULL, 2, 1, 0, 5, 5.81),
(5015, 14, 6, 7, NULL, 2, 1, 0, 5, 5.81),
(5016, 14, 7, 7, NULL, 2, 1, 0, 5, 5.81),
(5017, 14, 8, 7, NULL, 2, 1, 0, 5, 5.81),
(5018, 14, 9, 7, NULL, 2, 1, 0, 5, 5.81),
(5019, 14, 10, 7, NULL, 2, 1, 0, 5, 5.81),
(5020, 14, 11, 7, NULL, 2, 1, 0, 5, 5.81),
(5021, 14, 12, 7, NULL, 2, 1, 0, 5, 5.81),
(5022, 14, 13, 7, NULL, 2, 1, 0, 5, 5.81);

-- --------------------------------------------------------

--
-- Stand-in structure for view `ClothesView`
--
CREATE TABLE IF NOT EXISTS `ClothesView` (
`Gender` varchar(255)
,`Brand` varchar(255)
,`Type` varchar(255)
,`Size` varchar(255)
,`MaxAmount` int(11)
,`ActualAmount` int(11)
,`Active` tinyint(1)
);
-- --------------------------------------------------------

--
-- Table structure for table `Color`
--

CREATE TABLE IF NOT EXISTS `Color` (
  `Id` int(11) NOT NULL AUTO_INCREMENT,
  `Name` varchar(255) COLLATE latin1_german1_ci DEFAULT NULL,
  PRIMARY KEY (`Id`)
) ENGINE=MyISAM  DEFAULT CHARSET=latin1 COLLATE=latin1_german1_ci AUTO_INCREMENT=2 ;

--
-- Dumping data for table `Color`
--

INSERT INTO `Color` (`Id`, `Name`) VALUES
(1, 'Green');

-- --------------------------------------------------------

--
-- Table structure for table `Feedback`
--

CREATE TABLE IF NOT EXISTS `Feedback` (
  `Id` int(11) NOT NULL AUTO_INCREMENT,
  `Email` varchar(255) COLLATE latin1_german1_ci NOT NULL,
  `Reason` varchar(255) COLLATE latin1_german1_ci NOT NULL,
  `Text` varchar(255) COLLATE latin1_german1_ci NOT NULL,
  PRIMARY KEY (`Id`)
) ENGINE=MyISAM  DEFAULT CHARSET=latin1 COLLATE=latin1_german1_ci AUTO_INCREMENT=5 ;

--
-- Dumping data for table `Feedback`
--

INSERT INTO `Feedback` (`Id`, `Email`, `Reason`, `Text`) VALUES
(3, 'rainer.hochdorfer@googlemail.com', 'Buy', ''),
(4, 'rainer.hochdorfer@uni-ulm.de', 'Buy', '');

-- --------------------------------------------------------

--
-- Table structure for table `Gender`
--

CREATE TABLE IF NOT EXISTS `Gender` (
  `Id` int(11) NOT NULL AUTO_INCREMENT,
  `Name` varchar(255) COLLATE latin1_german1_ci DEFAULT NULL,
  PRIMARY KEY (`Id`)
) ENGINE=MyISAM  DEFAULT CHARSET=latin1 COLLATE=latin1_german1_ci AUTO_INCREMENT=3 ;

--
-- Dumping data for table `Gender`
--

INSERT INTO `Gender` (`Id`, `Name`) VALUES
(1, 'Jungen'),
(2, 'M&auml;dchen');

-- --------------------------------------------------------

--
-- Table structure for table `Size`
--

CREATE TABLE IF NOT EXISTS `Size` (
  `Id` int(11) NOT NULL AUTO_INCREMENT,
  `Name` varchar(255) COLLATE latin1_german1_ci DEFAULT NULL,
  `Age` varchar(255) COLLATE latin1_german1_ci NOT NULL,
  `Height` varchar(255) COLLATE latin1_german1_ci NOT NULL,
  PRIMARY KEY (`Id`)
) ENGINE=MyISAM  DEFAULT CHARSET=latin1 COLLATE=latin1_german1_ci AUTO_INCREMENT=14 ;

--
-- Dumping data for table `Size`
--

INSERT INTO `Size` (`Id`, `Name`, `Age`, `Height`) VALUES
(3, '80', '1 Jahr', ''),
(4, '86', '1,5 Jahre', ''),
(5, '92', '2 Jahre', ''),
(6, '98', '3 Jahre', ''),
(7, '104', '4 Jahre', ''),
(8, '110', '5 Jahre', ''),
(9, '116', '6 Jahre', ''),
(10, '122', '7 Jahre', ''),
(11, '128', '8 Jahre', ''),
(12, '134', '9 Jahre', ''),
(13, '140', '10 Jahre', '');

-- --------------------------------------------------------

--
-- Table structure for table `Transactions`
--

CREATE TABLE IF NOT EXISTS `Transactions` (
  `id` int(11) NOT NULL AUTO_INCREMENT,
  `Status` varchar(255) COLLATE latin1_german1_ci NOT NULL,
  `FirstName` varchar(255) COLLATE latin1_german1_ci NOT NULL,
  `LastName` varchar(255) COLLATE latin1_german1_ci NOT NULL,
  `Email` varchar(255) COLLATE latin1_german1_ci NOT NULL,
  `street` varchar(255) COLLATE latin1_german1_ci NOT NULL,
  `streetNr` int(11) NOT NULL,
  `plz` int(11) NOT NULL,
  `city` varchar(255) COLLATE latin1_german1_ci NOT NULL,
  `Payment` varchar(255) COLLATE latin1_german1_ci NOT NULL,
  `FinalToPay` float NOT NULL,
  `PaypalMail` varchar(255) COLLATE latin1_german1_ci NOT NULL DEFAULT 'undefined',
  `BankNr` varchar(255) COLLATE latin1_german1_ci NOT NULL,
  `AccountNr` varchar(255) COLLATE latin1_german1_ci NOT NULL,
  `StatusDate` date NOT NULL,
  `RejectOption` varchar(255) COLLATE latin1_german1_ci NOT NULL DEFAULT 'undefined',
  `OrderDate` date NOT NULL,
  `ReceptionDate` date NOT NULL,
  `ProcessedDate` date NOT NULL,
  `PaymentDate` date NOT NULL,
  `FinishedDate` date NOT NULL,
  PRIMARY KEY (`id`)
) ENGINE=MyISAM  DEFAULT CHARSET=latin1 COLLATE=latin1_german1_ci AUTO_INCREMENT=62 ;

--
-- Dumping data for table `Transactions`
--

INSERT INTO `Transactions` (`id`, `Status`, `FirstName`, `LastName`, `Email`, `street`, `streetNr`, `plz`, `city`, `Payment`, `FinalToPay`, `PaypalMail`, `BankNr`, `AccountNr`, `StatusDate`, `RejectOption`, `OrderDate`, `ReceptionDate`, `ProcessedDate`, `PaymentDate`, `FinishedDate`) VALUES
(2, 'Waiting for customer', '2', '2', '2@2.com', '', 0, 0, '', 'paypal', 0, '2@2.com', '', '', '2013-08-12', 'return', '2013-08-12', '2013-08-12', '2013-08-12', '0000-00-00', '0000-00-00'),
(3, 'Payment', '3', '3', '3@3.com', '', 0, 0, '', 'paypal', -0.52, '3@3.com', '', '', '2013-08-12', 'return', '2013-08-12', '2013-08-12', '2013-08-12', '2013-08-12', '0000-00-00'),
(1, 'Finished', 'Rainer', 'Hochdorfer', 'rainer.hochdorfer@googlemail.com', '', 0, 0, '', 'paypal', 14.13, 'rainer.hochdorfer@googlemail.com', '', '', '2013-08-12', 'donate', '2013-08-12', '2013-08-12', '2013-08-12', '2013-08-12', '2013-08-12');

-- --------------------------------------------------------

--
-- Table structure for table `Transactions_Clothes`
--

CREATE TABLE IF NOT EXISTS `Transactions_Clothes` (
  `Id` int(11) NOT NULL AUTO_INCREMENT,
  `fk_Transactions` int(11) NOT NULL,
  `fk_Clothes` int(11) NOT NULL,
  `Count` int(11) NOT NULL DEFAULT '1',
  `Accepted` tinyint(1) NOT NULL,
  `Rejected` tinyint(1) NOT NULL,
  `Missing` tinyint(1) NOT NULL,
  `Comment` varchar(255) COLLATE latin1_german1_ci NOT NULL,
  PRIMARY KEY (`Id`),
  KEY `fk_TransactionsClothes` (`fk_Transactions`),
  KEY `fk_TransactionsClothes2` (`fk_Clothes`)
) ENGINE=MyISAM  DEFAULT CHARSET=latin1 COLLATE=latin1_german1_ci AUTO_INCREMENT=269 ;

--
-- Dumping data for table `Transactions_Clothes`
--

INSERT INTO `Transactions_Clothes` (`Id`, `fk_Transactions`, `fk_Clothes`, `Count`, `Accepted`, `Rejected`, `Missing`, `Comment`) VALUES
(268, 3, 4864, 1, 1, 0, 0, ''),
(267, 3, 3576, 1, 0, 1, 0, 'a'),
(266, 3, 4872, 1, 0, 1, 0, 'b'),
(263, 2, 4611, 1, 0, 1, 0, 'ole'),
(264, 2, 4685, 1, 0, 1, 0, 'ole'),
(265, 3, 4421, 1, 0, 1, 0, 'v'),
(262, 1, 3917, 1, 1, 0, 0, ''),
(261, 1, 3410, 1, 0, 1, 0, 'hole'),
(259, 1, 3197, 1, 1, 0, 0, '');

-- --------------------------------------------------------

--
-- Table structure for table `Type`
--

CREATE TABLE IF NOT EXISTS `Type` (
  `Id` int(11) NOT NULL AUTO_INCREMENT,
  `Name` varchar(255) COLLATE latin1_german1_ci DEFAULT NULL,
  PRIMARY KEY (`Id`)
) ENGINE=MyISAM  DEFAULT CHARSET=latin1 COLLATE=latin1_german1_ci AUTO_INCREMENT=8 ;

--
-- Dumping data for table `Type`
--

INSERT INTO `Type` (`Id`, `Name`) VALUES
(1, 'Tops & Shirts'),
(2, 'Pullover & Strick'),
(3, 'Hosen'),
(4, 'Shorts'),
(5, 'Jacken & M&auml;ntel'),
(6, 'Kleider'),
(7, 'R&ouml;cke');

-- --------------------------------------------------------

--
-- Table structure for table `User`
--

CREATE TABLE IF NOT EXISTS `User` (
  `Id` int(11) NOT NULL AUTO_INCREMENT,
  `UserName` varchar(255) COLLATE latin1_german1_ci NOT NULL,
  `FirstName` varchar(255) COLLATE latin1_german1_ci NOT NULL,
  `LastName` varchar(255) COLLATE latin1_german1_ci NOT NULL,
  `Email` varchar(255) COLLATE latin1_german1_ci NOT NULL,
  `Phone` varchar(255) COLLATE latin1_german1_ci NOT NULL,
  `Password` varchar(255) COLLATE latin1_german1_ci NOT NULL,
  `Paypal` varchar(255) COLLATE latin1_german1_ci NOT NULL,
  PRIMARY KEY (`Id`)
) ENGINE=MyISAM  DEFAULT CHARSET=latin1 COLLATE=latin1_german1_ci AUTO_INCREMENT=7 ;

--
-- Dumping data for table `User`
--

INSERT INTO `User` (`Id`, `UserName`, `FirstName`, `LastName`, `Email`, `Phone`, `Password`, `Paypal`) VALUES
(6, '', '', '', '', '', 'e3b0c44298fc1c149afbf4c8996fb92427ae41e4649b934ca495991b7852b855', ''),
(5, 'admin', 'Admin23', 'Istrator', 'admin@aal-web.de', '123456', '355d70b7e92d97ca27e8bbd95661a4bc590707a7fd3e9d21cd8b2ea1455f595c', '');

-- --------------------------------------------------------


